timestamp,nodeid,temperature,humidity,voltage,light
1532160,39,90.9208,137.512,0.00910083,9.20694e-11
1710870,35,38.04,44.846,2.32,172.96
1710990,35,38.383,44.9782,2.32,172.96
1711050,35,38.3634,44.9782,2.32,172.96
1711110,35,38.2556,44.9782,2.32,172.96
1711170,35,38.2458,44.6806,2.31097,172.96
1711260,35,38.0694,44.9782,2.32,172.96
1711290,35,38.432,44.9782,2.32,172.96
1711350,35,38.2556,45.0442,2.32,172.96
1711380,35,38.0988,45.0442,2.32,172.96
1711410,35,38.1772,45.0442,2.32,172.96
1711440,35,38.2556,45.0442,2.32,172.96
1711470,35,38.2948,45.0773,2.31097,172.96
1711530,35,38.432,45.0442,2.32,172.96
1711560,35,38.5398,45.0112,2.31097,172.96
1711590,35,38.3046,45.0442,2.32,172.96
1711680,35,38.2066,45.0442,2.32,172.96
1711710,35,38.5006,45.0442,2.31097,172.96
1711860,35,38.3536,45.1103,2.31097,172.96
1711950,35,38.4908,44.846,2.31097,172.96
1712100,35,38.5496,45.0442,2.31097,172.96
1712280,35,38.4222,45.0442,2.32,172.96
1713840,35,40.098,44.846,2.32,172.96
1713960,35,40.0784,44.9121,2.31097,172.96
1714110,35,40.0784,44.5813,2.32,172.96
1714200,35,40.0784,44.8129,2.31097,172.96
1714260,35,40.2352,44.7798,2.32,172.96
1714320,35,40.1568,44.8129,2.31097,172.96
1714350,35,40.2156,44.7467,2.31097,172.96
1714380,35,40.2842,44.7137,2.31097,172.96
1714470,35,40.2646,44.4819,2.32,172.96
1714500,35,40.3234,44.7137,2.31097,172.96
1714530,35,40.392,44.8129,2.31097,172.96
1714560,35,40.4214,44.7798,2.31097,172.96
1714950,35,41.1368,44.7137,2.31097,172.96
1715220,35,41.0976,44.8129,2.31097,172.96
1715370,35,40.9898,44.7137,2.31097,172.96
1715490,35,41.274,44.4488,2.31097,172.96
1715520,35,41.029,44.5813,2.31097,172.96
1715640,35,41.1858,44.5151,2.31097,172.96
1715760,35,41.127,44.2831,2.31097,172.96
1715940,35,41.2544,44.4488,2.31097,172.96
1716870,35,42.2148,44.5813,2.31097,172.96
1716930,35,42.3324,44.3825,2.31097,172.96
1716960,35,42.1952,44.3162,2.31097,172.96
1717020,35,42.2932,44.3162,2.31097,172.96
1717110,35,42.6852,44.5151,2.31097,172.96
1717170,35,42.352,44.4488,2.31097,172.96
1717320,35,42.6362,44.4488,2.31097,172.96
1717560,35,42.744,44.4488,2.31097,172.96
1717650,35,43.2634,44.3825,2.31097,172.96
1717680,35,42.8224,44.3825,2.31097,172.96
1717710,35,43.3712,44.3825,2.31097,172.96
1717740,35,43.0282,44.3494,2.31097,172.96
1717770,35,43.0086,44.3162,2.31097,172.96
1717800,35,42.8518,44.2499,2.31097,172.96
1717920,35,43.1654,44.2831,2.31097,172.96
1717950,35,42.8518,44.2499,2.31097,172.96
1717980,35,43.2732,44.2499,2.31097,172.96
1718010,35,43.3418,44.2499,2.31097,172.96
1718040,35,43.1066,44.3162,2.31097,172.96
1718100,35,43.332,44.3494,2.31097,172.96
1718220,35,43.4594,44.4488,2.31097,172.96
1718250,35,43.5378,44.2499,2.31097,172.96
1718280,35,43.283,44.2499,2.31097,172.96
1718310,35,43.4496,44.2499,2.31097,172.96
1718370,35,43.7044,44.2831,2.31097,172.96
1718400,35,43.6456,44.2499,2.31097,172.96
1718430,35,43.8122,44.3162,2.31097,172.96
1718460,35,43.4692,44.3162,2.31097,172.96
1718610,35,43.871,44.2499,2.31097,172.96
1718670,35,43.7338,44.3162,2.31097,172.96
1718700,35,43.773,44.2499,2.31097,172.96
1718730,35,44.0474,44.2831,2.31097,172.96
1718790,35,43.9984,44.2831,2.31097,172.96
1718820,35,44.1944,44.2499,2.31097,172.96
1718850,35,43.9494,44.2499,2.31097,172.96
1718880,35,44.0768,44.2831,2.31097,172.96
1718910,35,44.1258,44.2499,2.31097,172.96
1718940,35,44.1748,44.2499,2.31097,172.96
1719060,35,44.1062,44.1504,2.31097,172.96
1719120,35,44.5374,44.2499,2.31097,172.96
1719150,35,44.2532,44.2499,2.31097,172.96
1719270,35,44.41,44.2831,2.31097,172.96
1719390,35,44.557,44.3162,2.31097,172.96
1719450,35,44.8706,44.3162,2.31097,172.96
1719480,35,44.5178,44.3162,2.30202,172.96
1719690,35,45.0078,44.3162,2.31097,172.96
1719720,35,45.2626,44.3162,2.31097,172.96
1719750,35,45.1058,44.3162,2.31097,172.96
1719810,35,44.7726,44.2831,2.30202,172.96
1719870,35,45.3998,44.1836,2.30202,172.96
1719930,35,45.0862,44.2499,2.30202,172.96
1719960,35,45.5664,44.2168,2.31097,172.96
1719990,35,44.9882,44.1836,2.30202,172.96
1720110,35,45.635,44.1504,2.30202,172.96
1720170,35,45.4978,44.2168,2.31097,172.96
1720200,35,45.39,44.2499,2.31097,172.96
1720260,35,45.6742,44.2168,2.31097,172.96
1720290,35,45.9192,44.2168,2.31097,172.96
1720320,35,45.8212,44.2499,2.30202,172.96
1720350,35,46.076,44.2831,2.31097,172.96
1720410,35,45.5272,44.2831,2.31097,172.96
1720470,35,45.8604,44.3162,2.31097,172.96
1720500,35,46.1446,44.2831,2.31097,172.96
1720530,35,45.9094,44.2831,2.31097,172.96
1720560,35,45.733,44.3162,2.30202,172.96
1720590,35,46.1152,44.2499,2.31097,172.96
1720620,35,45.8212,44.2831,2.31097,172.96
1720740,35,46.37,44.2499,2.31097,172.96
1720770,35,46.1152,44.1836,2.31097,172.96
1720860,35,46.2818,44.1172,2.30202,172.96
1720890,35,46.321,44.1836,2.31097,172.96
1721250,35,46.7032,44.1172,2.30202,172.96
1721430,35,47.0854,44.1504,2.30202,172.96
1721460,35,47.0658,44.1836,2.30202,172.96
1721730,35,47.6734,44.1836,2.31097,172.96
1721760,35,47.2324,44.1836,2.31097,172.96
1721970,35,47.2422,44.1836,2.30202,172.96
1722090,35,47.595,44.1504,2.30202,172.96
1722120,35,47.4774,44.1504,2.30202,172.96
1722150,35,47.6048,44.1836,2.30202,172.96
1722510,35,48.2712,44.1836,2.30202,172.96
1722660,35,48.1928,44.2168,2.30202,172.96
1722810,35,48.4084,44.2168,2.30202,172.96
1722930,35,48.3202,44.2168,2.30202,172.96
1723320,35,49.1728,44.1172,2.30202,172.96
1723350,35,49.555,44.1172,2.30202,172.96
1723380,35,49.5158,44.1504,2.30202,172.96
1723410,35,49.2806,44.1504,2.30202,172.96
1723440,35,49.8392,44.084,2.30202,172.96
1723470,35,49.2512,44.084,2.30202,172.96
1723500,35,49.653,44.1172,2.30202,172.96
1723590,35,49.849,44.1504,2.30202,172.96
1723620,35,49.9764,44.1836,2.30202,172.96
1723650,35,49.3786,44.1836,2.30202,172.96
1723740,35,49.7706,44.1836,2.30202,172.96
1723830,35,49.996,44.1836,2.30202,172.96
1723890,35,50.1136,44.1172,2.30202,172.96
1724940,35,51.4366,44.2499,2.30202,172.96
1725120,35,51.956,44.2831,2.30202,172.96
1725180,35,52.152,44.2168,2.30202,172.96
1725300,35,52.299,44.1172,2.30202,172.96
1725330,35,52.299,44.1172,2.30202,172.96
1725390,35,51.9658,44.0508,2.30202,172.96
1725510,35,52.348,44.2499,2.30202,172.96
1725540,35,52.299,44.2499,2.30202,172.96
1725570,35,52.7008,44.2499,2.30202,172.96
1725600,35,52.0834,44.1836,2.30202,172.96
1725690,35,52.8772,44.2168,2.30202,172.96
1725720,35,52.7106,44.2831,2.30202,172.96
1725930,35,52.936,44.4157,2.30202,172.96
1726020,35,52.8968,44.5151,2.30202,172.96
1726050,35,53.524,44.4488,2.30202,172.96
1726140,35,52.74,44.4488,2.30202,172.96
1726200,35,53.7788,44.3825,2.30202,172.96
1726290,35,53.6416,44.5151,2.30202,172.96
1726320,35,54.112,44.5151,2.30202,172.96
1726380,35,53.6416,44.4488,2.30202,172.96
1726410,35,54.0336,44.3825,2.30202,172.96
1726440,35,54.2198,44.3825,2.30202,172.96
1726530,35,53.9846,44.3494,2.30202,172.96
1726560,35,54.259,44.3162,2.30202,172.96
1726620,35,53.8082,44.3825,2.30202,172.96
1726650,35,54.2492,44.3162,2.30202,172.96
1726740,19,57.8752,38.6675,2.31097,128.8
1726740,35,54.0042,44.3825,2.30202,172.96
1726770,35,54.553,44.3825,2.30202,172.96
1726800,35,54.602,44.4488,2.30202,172.96
1726830,19,46.3896,40.3314,2.32,128.8
1726830,35,54.4354,44.4488,2.30202,172.96
1726860,19,71.7618,35.853,2.31097,128.8
1726860,35,54.3472,44.4488,2.30202,172.96
1726890,19,49.8686,39.5521,2.32,128.8
1726890,35,54.8568,44.4488,2.30202,172.96
1726920,19,77.1518,34.8139,2.31097,128.8
1726920,35,54.4158,44.4819,2.30202,172.96
1726980,35,54.7196,44.5482,2.30202,172.96
1727160,19,94.3802,31.4549,2.31097,128.8
1727190,35,54.994,44.5482,2.30202,172.96
1727220,19,97.1046,30.8194,2.30202,128.8
1727250,35,55.19,44.5813,2.30202,172.96
1727280,35,55.288,44.6475,2.30202,172.96
1727310,19,69.8214,36.0603,2.31097,128.8
1727370,35,55.1214,44.5813,2.29313,172.96
1727460,35,55.1312,44.6475,2.29313,172.96
1727520,19,62.8634,37.7107,2.31097,128.8
1727550,35,55.925,44.6144,2.30202,172.96
1727580,35,55.5526,44.6475,2.30202,172.96
1727610,35,55.778,44.5151,2.29313,172.96
1727640,35,56.1896,44.5151,2.30202,172.96
1727730,35,56.464,44.7137,2.29313,172.96
1727760,35,56.4836,44.6475,2.30202,172.96
1727790,19,54.0532,39.62,2.31097,128.8
1727790,35,56.2288,44.6806,2.30202,172.96
1727820,35,56.3268,44.5813,2.30202,172.96
1727880,35,56.0622,44.6475,2.30202,172.96
1727910,35,56.1602,44.7798,2.30202,172.96
1727940,35,56.5228,44.7798,2.30202,172.96
1727970,35,56.5522,44.7798,2.30202,172.96
1728030,35,56.6698,44.846,2.30202,172.96
1728060,35,56.3562,44.8129,2.30202,172.96
1728120,35,56.6796,44.7798,2.30202,172.96
1728150,19,50.0842,40.6018,2.32,128.8
1728150,35,56.7776,44.7137,2.29313,172.96
1728210,19,49.7216,40.6355,2.31097,128.8
1728210,35,56.5522,44.6806,2.30202,172.96
1728270,19,49.3492,40.6355,2.31097,128.8
1728480,35,57.591,44.9451,2.30202,172.96
1728660,35,57.689,44.9121,2.29313,172.96
1728690,35,57.7086,44.9121,2.29313,172.96
1728780,35,58.3456,44.6475,2.29313,172.96
1728870,19,47.7126,41.0067,2.31097,128.8
1728870,35,58.2378,44.846,2.29313,172.96
1728960,19,47.6734,41.1078,2.31097,128.8
1728960,35,58.3652,44.879,2.29313,172.96
1728990,19,47.5656,41.1751,2.32,128.8
1729080,35,58.6592,44.9121,2.30202,172.96
1729110,19,47.1246,41.1751,2.31097,128.8
1729110,35,58.2476,44.9782,2.29313,172.96
1729170,35,58.4142,44.9782,2.29313,172.96
1729200,35,58.4534,44.9782,2.29313,172.96
1729350,19,47.105,41.2425,2.31097,128.8
1729350,35,59.3942,44.9782,2.29313,172.96
1729470,19,46.5954,41.3435,2.32,128.8
1729500,35,59.061,44.9782,2.29313,172.96
1729530,19,46.664,41.3771,2.31097,128.8
1729530,35,59.4726,45.0442,2.29313,172.96
1729560,35,59.0806,45.0442,2.29313,172.96
1729770,35,59.8254,45.0442,2.29313,172.96
1729800,35,60.2076,45.0442,2.29313,172.96
1729830,19,87.2262,34.2229,2.31097,128.8
1729830,35,59.5804,44.9782,2.29313,172.96
1729860,35,60.0704,44.9121,2.29313,172.96
1729890,19,93.753,32.7907,2.30202,128.8
1729890,35,59.9234,44.9782,2.29313,172.96
1729950,35,59.6882,45.1103,2.29313,172.96
1729980,19,70.3702,36.9902,2.31097,128.8
1730040,19,74.349,36.2673,2.31097,128.8
1730040,35,60.0998,44.9121,2.29313,172.96
1730070,35,60.2174,44.9782,2.29313,172.96
1730100,19,77.2106,35.7839,2.30202,128.8
1730100,35,60.335,45.0112,2.29313,172.96
1730130,35,60.0606,45.0112,2.29313,172.96
1730190,19,121.389,27.7578,2.30202,128.8
1730220,19,83.6786,34.3969,2.30202,128.8
1730280,35,61.609,45.1103,2.29313,172.96
1730340,35,61.1778,45.0442,2.29313,172.96
1730370,35,61.2562,45.0442,2.29313,172.96
1730430,19,69.4588,37.5051,2.31097,128.8
1730430,35,61.1974,45.0442,2.29313,172.96
1730460,35,61.511,45.0773,2.29313,172.96
1730490,19,67.636,37.9845,2.30202,128.8
1730490,35,61.3934,45.0442,2.29313,172.96
1730520,19,66.4992,38.3263,2.31097,128.8
1730550,19,66.2346,38.3946,2.31097,128.8
1730580,19,65.7054,38.5311,2.31097,128.8
1730580,35,61.413,45.0773,2.29313,172.96
1730610,35,61.9422,45.1103,2.29313,172.96
1730640,35,61.413,45.0442,2.29313,1.38
1730670,19,63.1378,38.872,2.30202,0.46
1730700,35,61.8932,45.1433,2.29313,1.38
1730730,19,62.54,39.1783,2.30202,0.46
1730730,35,61.3836,45.1763,2.29313,1.38
1730760,19,61.7462,39.2803,2.31097,0.46
1730820,35,62.8242,45.3083,2.29313,1.38
1730850,35,61.0896,45.3413,2.29313,1.38
1730880,35,61.6874,45.3743,2.29313,1.38
1730910,35,62.0108,45.3743,2.29313,1.38
1731030,35,61.8246,45.4072,2.29313,1.38
1731090,35,62.4812,45.4402,2.29313,1.38
1731180,35,62.785,45.572,2.29313,1.38
1731210,19,57.8458,40.2638,2.30202,0.46
1731210,35,62.4518,45.6049,2.29313,1.38
1731240,35,63.1868,45.572,2.29313,1.38
1731390,35,63.2554,45.7695,2.29313,1.38
1731450,35,63.1574,45.8353,2.29313,1.38
1731480,35,64.1668,45.7695,2.28431,1.38
1731480,38,66.0876,44.7798,2.30202,4.6
1731510,35,63.6278,45.8353,2.28431,1.38
1731540,35,63.5102,45.8353,2.29313,1.38
1731570,35,63.5984,45.9669,2.29313,1.38
1731570,38,109.08,44.7137,2.28431,4.6
1731600,35,63.9806,45.8682,2.29313,1.38
1731630,35,64.0688,45.572,2.28431,1.38
1731660,38,44.7628,44.9782,2.30202,4.6
1731720,35,63.5102,46.0326,2.29313,1.38
1731720,38,42.7048,45.0442,2.29313,4.6
1731780,35,64.157,46.0655,2.29313,1.38
1731780,38,41.127,45.0442,2.30202,4.6
1731870,35,64.108,46.0655,2.28431,1.38
1731930,38,38.2752,45.1433,2.29313,4.6
1731960,35,64.9214,46.0655,2.29313,1.38
1731990,35,64.402,46.0655,2.28431,1.38
1732080,35,64.9998,46.0655,2.28431,1.38
1732110,19,56.4542,40.8381,2.31097,0.46
1732140,19,55.729,40.973,2.31097,0.46
1732140,35,64.9606,46.0655,2.28431,1.38
1732170,35,65.627,46.0655,2.28431,1.38
1732230,35,65.235,46.0655,2.28431,1.38
1732260,35,65.774,46.0655,2.28431,1.38
1732290,19,56.3562,41.0067,2.30202,0.46
1732290,35,65.7152,46.0655,2.28431,1.38
1732320,19,56.366,40.973,2.31097,0.46
1732320,35,65.5976,46.0655,2.28431,1.38
1732350,35,65.9896,46.0655,2.28431,1.38
1732380,35,65.6368,46.0655,2.29313,1.38
1732410,35,65.7544,46.164,2.28431,1.38
1732440,19,56.2484,40.8718,2.31097,0.46
1732440,35,65.9014,46.0655,2.28431,1.38
1732500,35,65.7152,46.164,2.28431,1.38
1732530,19,57.444,40.8043,2.30202,0.46
1732560,35,65.627,46.1968,2.28431,1.38
1732620,35,66.362,46.0655,2.28431,1.38
1732680,19,56.7286,40.8718,2.30202,0.46
1732710,35,66.95,46.164,2.28431,1.38
1732740,35,67.4008,46.2297,2.28431,1.38
1732770,19,56.3268,40.9055,2.30202,0.46
1732770,35,66.6168,46.2953,2.28431,1.38
1732800,19,56.513,41.0404,2.30202,0.46
1732800,35,66.7442,46.2953,2.28431,1.38
1732830,35,67.0578,46.3609,2.28431,1.38
1732860,35,67.244,46.3609,2.28431,1.38
1732890,35,67.6066,46.2953,2.28431,1.38
1732950,35,67.4596,46.4593,2.28431,1.38
1733010,35,67.881,46.3609,2.28431,1.38
1733070,35,67.734,46.4265,2.28431,1.38
1733130,35,67.8908,46.4265,2.28431,1.38
1733160,35,67.3812,46.4265,2.28431,1.38
1733220,19,57.5322,41.0067,2.30202,0.46
1733220,35,68.5964,46.4921,2.28431,1.38
1733280,35,68.175,46.164,2.28431,1.38
1733370,19,56.7286,41.1414,2.30202,0.46
1733370,35,69.2628,46.3609,2.28431,1.38
1733400,35,67.9986,46.4265,2.28431,1.38
1733460,35,68.7434,46.4921,2.28431,1.38
1733490,35,68.714,46.4593,2.28431,1.38
1733550,35,68.6062,46.4921,2.28431,1.38
1733580,35,68.5866,46.4265,2.28431,1.38
1733610,19,57.9438,41.1751,2.30202,0.46
1733640,35,70.0566,46.4921,2.28431,1.38
1733670,35,68.6454,46.5577,2.28431,1.38
1733700,35,69.9194,46.5249,2.28431,1.38
1733730,35,69.1844,46.5905,2.28431,1.38
1733790,35,69.939,46.5577,2.28431,1.38
1733820,35,70.4094,46.4921,2.28431,1.38
1733850,35,70.3898,46.5249,2.28431,1.38
1733910,35,69.841,46.4921,2.28431,1.38
1733940,35,70.429,46.5905,2.28431,1.38
1733970,35,70.8014,46.5577,2.28431,1.38
1734030,35,70.6936,46.5905,2.28431,1.38
1734090,19,58.0124,41.2425,2.30202,0.46
1734090,35,70.5564,46.7215,2.28431,1.84
1734120,19,57.6988,41.2088,2.30202,0.46
1734150,19,57.6694,41.2088,2.30202,0.46
1734150,35,70.527,46.6887,2.28431,1.38
1734180,35,70.5172,46.7542,2.28431,1.84
1734210,35,70.8406,46.7869,2.28431,1.38
1734240,19,57.542,41.3098,2.30202,0.46
1734270,35,71.213,46.6887,2.28431,1.38
1734300,35,70.87,46.7542,2.28431,1.38
1734330,35,71.1738,46.7215,2.28431,1.38
1734360,35,71.8206,46.7215,2.28431,1.38
1734390,19,58.2574,41.1078,2.30202,0.46
1734390,35,71.5952,46.8197,2.28431,1.38
1734480,35,71.4874,46.7542,2.28431,1.38
1734540,19,57.5126,41.2425,2.30202,0.46
1734540,35,71.6932,46.5577,2.28431,1.38
1734600,19,57.885,41.3098,2.30202,0.46
1734600,35,71.6736,46.7542,2.28431,1.38
1734660,35,72.0656,46.7869,2.28431,1.38
1734750,35,72.683,46.3937,2.28431,1.38
1734780,35,73.0162,46.4265,2.28431,1.38
1734810,19,78.1514,37.7107,2.30202,0.46
1734810,35,72.6634,46.6887,2.28431,1.38
1734840,35,72.8496,46.7542,2.28431,1.38
1734870,19,83.953,36.7495,2.29313,0.46
1734870,35,72.9966,46.7542,2.28431,1.38
1734900,19,77.4262,37.6765,2.30202,0.46
1734930,35,73.3494,46.8524,2.28431,1.38
1734960,35,73.1828,46.8197,2.28431,1.38
1735020,19,71.2718,39.2123,2.30202,0.46
1735020,35,72.6634,46.8524,2.28431,1.38
1735050,19,70.233,39.4842,2.30202,0.46
1735050,35,73.6924,46.7542,2.28431,1.38
1735080,35,73.6826,46.6887,2.28431,1.38
1735110,35,73.712,46.8524,2.28431,1.38
1735140,35,73.9178,46.7869,2.28431,1.38
1735170,35,74.1922,46.7869,2.28431,1.38
1735230,35,74.7802,46.8851,2.28431,1.38
1735260,19,66.8814,40.1622,2.29313,0.46
1735260,35,74.0648,46.9505,2.28431,1.38
1735320,35,74.5156,46.9505,2.28431,1.38
1735350,19,66.6364,39.9929,2.30202,0.46
1735380,35,74.6234,46.9832,2.28431,1.38
1735410,19,65.9014,40.2299,2.29313,0.46
1735410,35,75.2996,46.9505,2.28431,1.38
1735440,19,65.4506,40.2299,2.30202,0.46
1735440,35,75.2114,46.9505,2.28431,1.38
1735470,19,66.3522,40.2299,2.30202,0.46
1735530,35,74.9174,46.9178,2.27556,1.38
1735560,35,75.1624,46.8851,2.28431,1.38
1735590,35,75.0742,46.8851,2.28431,1.38
1735620,19,66.0386,40.2976,2.30202,0.46
1735620,35,75.2212,46.9505,2.27556,1.38
1735650,35,75.035,47.0159,2.28431,1.38
1735710,35,75.0644,46.9505,2.27556,1.38
1735770,19,65.3036,40.5004,2.30202,0.46
1735800,35,74.937,47.0159,2.28431,1.38
1735860,35,75.5544,46.9178,2.28431,1.38
1735890,35,75.7504,46.8851,2.27556,1.38
1735920,35,76.0542,46.9505,2.27556,1.38
1735950,19,64.5588,40.7031,2.30202,0.46
1735950,35,76.0346,47.0159,2.28431,1.38
1736010,35,75.8386,47.0486,2.28431,1.38
1736070,35,76.7598,47.0159,2.28431,1.38
1736130,19,65.4114,40.6355,2.29313,0.46
1736160,19,65.1468,40.6355,2.30202,0.46
1736220,19,64.9606,40.7706,2.30202,0.46
1736280,19,65.137,40.6355,2.30202,0.46
1736280,35,77.2988,46.9832,2.28431,1.38
1736340,35,77.1322,47.0159,2.28431,1.38
1736370,19,64.8528,40.4666,2.30202,0.46
1736400,19,108.218,33.3507,2.29313,0.46
1736430,35,78.0338,47.0813,2.28431,1.38
1736460,35,77.8378,47.0813,2.27556,1.38
1736490,19,86.0894,36.6807,2.29313,0.46
1736490,35,78.1906,47.0813,2.28431,1.38
1736520,35,77.8084,47.1467,2.28431,1.38
1736550,35,77.387,47.0813,2.28431,1.38
1736610,35,77.9358,47.0813,2.28431,1.38
1736640,35,78.073,47.0159,2.28431,1.38
1736670,35,78.0044,47.0813,2.27556,1.38
1736700,35,78.4454,47.0486,2.27556,1.38
1736730,19,108.453,32.6855,2.29313,0.46
1736760,35,78.7002,47.0486,2.27556,1.38
1736820,35,79.2294,46.9505,2.28431,1.38
1736850,35,78.9354,47.0159,2.28431,1.38
1736880,35,78.955,47.0813,2.27556,1.38
1736940,35,78.8962,46.9178,2.28431,1.38
1737030,35,80.082,47.0813,2.27556,1.38
1737120,35,79.8762,47.0159,2.27556,1.38
1737150,35,79.5234,47.0159,2.28431,1.38
1737180,35,79.837,47.114,2.27556,1.38
1737240,35,80.2682,47.114,2.27556,1.38
1737270,35,77.338,47.1467,2.28431,1.38
1737300,35,80.6798,47.1467,2.27556,1.38
1737330,35,80.3564,47.1793,2.27556,1.38
1737360,35,80.523,47.1467,2.27556,1.38
1737390,35,80.5524,47.1793,2.28431,1.38
1737420,35,79.8566,47.1467,2.27556,1.38
1737450,35,80.4054,47.1793,2.28431,1.38
1737480,35,80.621,47.114,2.28431,1.38
1737510,35,81.5814,47.1793,2.27556,1.38
1737540,35,81.797,47.212,2.27556,1.38
1737570,35,81.0914,47.1467,2.27556,1.38
1737600,35,80.5916,47.1467,2.27556,1.38
1737690,35,81.405,47.2773,2.27556,1.38
1737720,35,81.6794,47.1793,2.27556,1.38
1737750,35,80.817,47.2773,2.27556,1.38
1737780,35,82.3066,47.2447,2.27556,1.38
1737810,35,80.9934,47.31,2.27556,1.38
1737840,35,81.699,47.31,2.27556,1.38
1737990,35,82.6006,47.3426,2.27556,1.38
1738020,35,82.973,47.2773,2.27556,1.38
1738050,35,82.9142,47.2447,2.27556,1.38
1738140,35,82.777,47.4079,2.27556,1.38
1738170,35,82.6986,47.4079,2.27556,1.38
1738230,35,83.2474,47.3426,2.27556,1.38
1738260,35,83.0906,47.4079,2.27556,1.38
1738290,35,83.0122,47.3752,2.27556,1.38
1738320,35,83.2866,47.4079,2.27556,1.38
1738350,35,83.2376,47.4405,2.27556,1.38
1738380,35,83.6296,47.4731,2.27556,1.38
1738410,35,83.2866,47.4731,2.27556,1.38
1738440,35,83.3062,47.4731,2.27556,1.38
1738470,35,83.4532,47.5057,2.27556,1.38
1738560,35,84.4332,47.4731,2.27556,1.38
1738620,35,84.5214,47.5383,2.27556,1.38
1738680,35,84.2078,47.5709,2.27556,1.38
1738710,35,84.3744,47.4731,2.27556,1.38
1738740,35,85.129,47.6035,2.27556,1.38
1738770,35,84.7076,47.4731,2.27556,1.38
1738800,35,85.2662,47.4731,2.27556,1.38
1738830,35,85.2662,47.4731,2.27556,1.38
1738860,35,84.6586,47.4731,2.27556,1.38
1738890,35,85.4426,47.4731,2.27556,1.38
1738950,35,85.0506,47.5383,2.27556,1.38
1738980,35,85.227,47.6035,2.27556,1.38
1739010,35,85.619,47.5709,2.27556,1.38
1739100,35,85.9522,47.5383,2.27556,1.38
1739130,35,85.8738,47.5383,2.27556,1.38
1739160,35,87.0498,47.5383,2.27556,1.38
1739190,35,86.5794,47.5383,2.27556,1.38
1739220,35,86.305,47.5383,2.27556,1.38
1739250,35,86.8734,47.5709,2.27556,1.38
1739280,35,87.5104,47.6035,2.27556,1.38
1739310,35,86.697,47.6361,2.27556,1.38
1739400,35,87.285,47.7338,2.27556,1.38
1739430,35,86.9322,47.7013,2.27556,1.38
1739490,35,87.2458,47.7013,2.27556,1.38
1739550,35,87.7456,47.6687,2.27556,1.38
1739610,35,87.775,47.6687,2.27556,1.38
1739640,35,88.3434,47.6361,2.27556,1.38
1739700,35,87.8926,47.7013,2.27556,1.38
1739730,19,120.919,33.7,2.28431,0.46
1739760,19,120.723,33.6302,2.28431,0.46
1739760,35,88.559,47.799,2.27556,1.38
1739790,35,88.4806,47.7338,2.27556,1.38
1739820,19,120.213,33.8396,2.28431,0.46
1739820,35,88.3826,47.7013,2.27556,1.38
1739880,19,119.978,33.979,2.28431,0.46
1739910,35,88.7942,47.6361,2.27556,1.38
1739970,19,117.273,34.1184,2.28431,0.46
1739970,35,89.392,47.6687,2.27556,1.38
1740000,35,89.2254,47.6687,2.27556,1.38
1740060,19,116.567,34.1184,2.28431,0.46
1740060,35,89.245,47.799,2.27556,1.38
1740090,35,89.1666,47.7338,2.27556,1.38
1740150,35,89.8722,47.799,2.27556,1.38
1740180,35,89.6468,47.799,2.27556,1.38
1740240,35,90.1466,47.7338,2.27556,1.38
1740270,35,90.2054,47.6687,2.27556,1.38
1740300,35,89.4116,47.6687,2.27556,1.38
1740360,19,114.059,34.536,2.28431,0.46
1740390,19,113.608,34.7445,2.28431,0.46
1740390,35,90.4798,47.7338,2.27556,1.38
1740420,19,114.019,34.6055,2.28431,0.46
1740450,19,113.97,34.7097,2.28431,0.46
1740480,19,113.255,34.6055,2.28431,0.46
1740480,35,90.6562,47.799,2.27556,1.38
1740510,35,90.4406,47.799,2.27556,1.38
1740540,19,113.333,34.6055,2.28431,0.46
1740570,35,91.0482,47.8315,2.27556,1.38
1740630,35,91.4402,47.8315,2.27556,1.38
1740690,35,91.0972,47.799,2.26687,1.38
1740750,35,91.6558,47.799,2.27556,1.38
1740780,35,91.499,47.8315,2.27556,1.38
1740810,35,92.0282,47.799,2.27556,1.38
1740840,35,91.499,47.799,2.27556,1.38
1740900,35,91.6754,47.7664,2.27556,1.38
1740930,35,91.891,47.8315,2.27556,1.38
1740960,35,91.9302,47.799,2.27556,1.38
1741050,35,92.4496,47.8641,2.27556,1.38
1741110,35,93.4884,47.8641,2.26687,1.38
1741140,35,93.0866,47.8315,2.27556,1.38
1741170,35,92.9886,47.7013,2.27556,1.38
1741200,35,93.949,47.7338,2.27556,1.38
1741230,35,93.7922,47.7664,2.27556,1.38
1741260,35,93.312,47.6687,2.27556,1.38
1741290,35,93.5374,47.7013,2.27556,1.38
1741380,35,93.7334,47.799,2.27556,1.38
1741410,35,94.3802,47.7664,2.27556,1.38
1741500,35,94.0274,47.6687,2.27556,1.38
1741530,35,95.1446,47.6035,2.27556,1.38
1741560,35,94.4586,47.5057,2.27556,1.38
1741650,35,94.4096,47.799,2.27556,1.38
1741710,35,94.7036,47.6361,2.26687,1.38
1741740,35,94.7526,47.5709,2.27556,1.38
1741770,35,94.2822,47.7013,2.26687,1.38
1741800,35,95.2034,47.799,2.27556,1.38
1741830,35,95.4386,47.7664,2.26687,1.38
1741890,35,96.0952,47.7664,2.27556,1.38
1741920,35,94.8506,47.7338,2.27556,1.38
1741950,35,95.2034,47.799,2.27556,1.38
1741980,35,93.3218,47.8966,2.26687,1.38
1742040,35,95.419,47.799,2.27556,1.38
1742070,35,96.056,47.799,2.27556,1.38
1742100,35,95.0662,47.7338,2.27556,1.38
1742130,35,95.9482,47.7664,2.27556,1.38
1742160,35,95.6738,47.7013,2.27556,1.38
1742190,35,96.1442,47.7338,2.27556,1.38
1742250,35,95.958,47.7664,2.27556,1.38
1742310,35,96.007,47.7338,2.27556,1.38
1742340,35,96.497,47.6687,2.27556,1.38
1742460,35,96.889,47.6361,2.26687,1.38
1742490,35,96.8694,47.7338,2.27556,1.38
1742550,35,97.1438,47.6361,2.26687,1.38
1742580,35,96.791,47.5383,2.27556,1.38
1742610,35,97.036,47.6687,2.26687,1.38
1742670,35,97.2418,47.7664,2.27556,1.38
1742730,35,97.4182,47.7013,2.27556,1.38
1742760,35,98.0062,47.7338,2.26687,1.38
1742790,35,98.0258,47.7338,2.26687,1.38
1742820,35,98.2022,47.7013,2.27556,1.38
1742880,35,98.2512,47.7664,2.27556,1.38
1742940,35,97.8886,47.6361,2.27556,1.38
1742970,35,97.82,47.6035,2.26687,1.38
1743000,35,98.5158,47.7338,2.26687,1.38
1743030,35,98.5942,47.7664,2.27556,1.38
1743060,35,98.4962,47.799,2.27556,1.38
1743090,35,99.4566,47.7664,2.26687,1.38
1743120,35,99.5154,47.7013,2.27556,1.38
1743150,35,99.5056,47.7338,2.27556,1.38
1743300,35,99.2704,47.6361,2.26687,1.38
1743450,35,99.4468,47.7664,2.26687,1.38
1743480,35,100.417,47.7338,2.27556,1.38
1743510,35,99.6722,47.7664,2.26687,1.38
1743570,35,99.3194,47.7013,2.26687,1.38
1743600,35,100.064,47.799,2.27556,1.38
1743630,35,100.319,47.7338,2.26687,1.38
1743720,35,100.211,47.799,2.26687,1.38
1743810,35,101.358,47.7338,2.27556,1.38
1743840,35,101.142,47.8315,2.27556,1.38
1743870,35,102.308,47.8641,2.26687,1.38
1743930,35,100.613,47.8315,2.26687,1.38
1743990,35,101.573,47.6687,2.26687,1.38
1744050,35,101.279,47.9292,2.27556,1.38
1744080,35,102.553,47.8315,2.27556,1.38
1744140,35,102.612,47.6687,2.27556,1.38
1744200,35,102.73,47.7338,2.26687,1.38
1744230,35,102.534,47.6361,2.26687,1.38
1744260,35,102.808,47.6361,2.27556,1.38
1744290,35,101.867,47.7013,2.26687,1.38
1744320,35,102.632,47.6361,2.27556,1.38
1744350,35,103.024,47.6035,2.26687,1.38
1744380,35,103.024,47.5383,2.26687,1.38
1744410,35,102.651,47.6687,2.27556,1.38
1744500,35,102.573,47.6035,2.26687,1.38
1744560,35,103.279,47.4079,2.27556,1.38
1744590,35,103.357,47.7338,2.26687,1.38
1744620,35,102.887,47.5383,2.27556,1.38
1744710,35,103.396,47.6361,2.26687,1.38
1744740,35,103.396,47.6035,2.27556,1.38
1744770,35,104.464,47.6035,2.26687,1.38
1744800,35,103.671,47.5709,2.26687,1.38
1744830,35,103.984,47.6361,2.26687,1.38
1744860,35,104.553,47.7664,2.26687,1.38
1744890,35,104.053,47.5709,2.26687,1.38
1744950,35,104.651,47.6361,2.27556,1.38
1744980,35,104.161,47.5383,2.26687,1.38
1745070,35,104.219,47.6035,2.26687,1.38
1745100,35,104.063,47.8966,2.27556,1.38
1745160,6,38.5692,45.8682,2.30202,0.92
1745160,35,105.121,47.7664,2.27556,1.38
1745190,35,105.288,47.6687,2.26687,1.38
1745220,35,105.19,47.6035,2.26687,1.38
1745370,35,105.846,47.9292,2.26687,1.38
1745400,35,106.101,47.4731,2.26687,1.38
1745490,35,106.219,47.5709,2.26687,1.38
1745550,35,105.964,47.8315,2.26687,1.38
1745640,35,106.954,47.7338,2.26687,1.84
1745670,35,105.807,47.799,2.26687,1.84
1745700,35,105.905,47.8641,2.26687,1.84
1745790,35,107.022,47.7013,2.26687,1.84
1745850,35,107.257,47.7338,2.26687,2.3
1745910,35,106.865,47.6687,2.26687,2.3
1745940,35,107.963,47.7338,2.26687,2.3
1745970,35,106.885,47.7338,2.26687,2.76
1746030,35,107.649,47.7338,2.26687,2.76
1746060,35,108.188,47.9617,2.26687,2.76
1746090,35,108.296,47.799,2.26687,3.22
1746150,35,108.914,47.5709,2.26687,3.22
1746180,35,108.629,47.7013,2.26687,3.68
1746210,35,108.786,47.6035,2.26687,4.14
1746240,35,108.237,47.799,2.26687,4.14
1746270,35,108.198,47.6361,2.26687,4.6
1746300,35,109.002,47.799,2.26687,4.6
1746330,35,108.267,47.7338,2.26687,5.06
1746360,35,108.375,47.799,2.26687,5.06
1746390,35,108.727,47.8315,2.26687,5.06
1746450,35,109.217,47.8966,2.26687,5.52
1746480,6,40.1176,46.0326,2.30202,6.9
1746480,35,110.864,47.8641,2.26687,5.52
1746510,35,108.727,48.0918,2.26687,5.98
1746540,35,110.589,47.8641,2.26687,5.98
1746570,35,110.021,47.6035,2.26687,6.44
1746600,35,109.727,47.6687,2.26687,6.44
1746630,35,110.433,47.799,2.26687,6.9
1746660,35,110.962,47.799,2.26687,6.9
1746690,35,110.237,47.6361,2.26687,7.36
1746720,6,40.2254,45.9669,2.29313,10.12
1746720,35,109.903,47.7664,2.26687,7.36
1746780,35,109.805,47.7013,2.26687,9.2
1746810,35,110.256,47.7013,2.26687,10.12
1746840,35,110.295,47.7664,2.26687,10.12
1746870,35,110.746,47.8641,2.26687,11.04
1746900,35,111.256,47.9292,2.26687,11.04
1746960,35,110.452,47.9617,2.26687,12.88
1746990,35,110.589,48.0593,2.26687,12.88
1747020,35,111.079,47.9942,2.26687,13.8
1747080,35,111.158,47.8641,2.26687,15.64
1747110,35,111.04,47.8641,2.26687,16.56
1747140,35,112.549,47.799,2.26687,17.48
1747230,35,111.569,47.8966,2.26687,20.24
1747260,35,111.589,47.8966,2.26687,23.0
1747290,35,111.589,47.9292,2.26687,23.0
1747380,35,113.157,47.799,2.26687,26.68
1747410,35,111.746,47.7664,2.26687,28.52
1747500,35,112.236,47.9292,2.26687,30.36
1747530,6,41.029,46.0655,2.30202,53.36
1747530,35,112.726,47.9942,2.26687,32.2
1747560,35,113.118,47.7338,2.26687,32.2
1747650,35,113.333,47.8641,2.26687,35.88
1747680,35,113.039,47.9617,2.26687,37.72
1747710,35,113.157,47.7664,2.26687,37.72
1747740,35,112.941,47.9942,2.26687,39.56
1747770,35,113.412,47.9942,2.26687,39.56
1747800,35,112.745,47.8641,2.26687,41.4
1747830,35,113.294,47.799,2.26687,41.4
1747860,6,41.1074,46.0655,2.30202,75.44
1747980,35,114.019,47.8641,2.26687,48.76
1748040,35,113.902,47.7338,2.26687,50.6
1748100,35,114.078,47.799,2.26687,53.36
1748130,35,114.039,47.7664,2.26687,53.36
1748460,35,116.273,47.9292,2.26687,68.08
1748610,35,115.803,47.6035,2.26687,71.76
1748700,35,115.901,47.9617,2.26687,79.12
1748730,35,115.881,47.8641,2.26687,82.8
1748790,35,116.861,47.8966,2.26687,86.48
1748850,35,115.666,47.7013,2.26687,90.16
1748880,35,117.41,47.9292,2.26687,93.84
1748910,35,115.979,47.9942,2.26687,101.2
1748940,35,117.9,47.8641,2.26687,108.56
1748970,35,117.234,47.7664,2.26687,114.08
1749030,35,118.567,47.6687,2.26687,114.08
1749060,35,117.391,47.8966,2.26687,114.08
1749090,35,117.077,47.7013,2.26687,114.08
1749150,35,117.253,47.9292,2.26687,114.08
1749180,35,118.625,47.7338,2.26687,114.08
1749240,35,120.625,47.6035,2.26687,114.08
1749270,35,117.567,47.7664,2.26687,121.44
1749330,35,117.841,47.9292,2.26687,128.8
1749360,6,43.038,46.0655,2.30202,309.12
1749360,35,119.409,47.8641,2.25825,136.16
1749450,6,43.0184,46.0655,2.30202,368.0
1749450,35,118.547,47.8641,2.26687,150.88
1749510,35,119.429,47.9292,2.26687,158.24
1749540,6,43.2046,46.0655,2.30202,397.44
1749600,35,120.35,47.6361,2.26687,165.6
1749630,6,43.4888,46.0655,2.29313,382.72
1749630,35,120.037,47.8641,2.25825,165.6
1749660,35,119.037,47.8641,2.26687,165.6
1749690,35,119.723,47.799,2.26687,165.6
1749720,6,43.3026,46.0655,2.30202,412.16
1749750,6,43.5476,46.0655,2.29313,426.88
1749750,35,119.272,47.799,2.26687,180.32
1749780,6,43.6064,46.1968,2.29313,441.6
1749810,35,121.703,48.0267,2.26687,195.04
1750020,6,44.3904,46.0655,2.29313,478.4
1750140,6,43.9984,46.0655,2.30202,537.28
1750260,6,43.9396,46.0655,2.29313,537.28
1750500,6,44.1062,46.0655,2.30202,625.6
1750590,6,44.018,46.0655,2.30202,596.16
1750830,6,44.3904,46.0655,2.29313,684.48
1751010,6,44.8706,45.9011,2.30202,684.48
1751040,32,15.7646,56.1995,2.35683,279.68
1751100,32,15.647,56.696,2.35683,279.68
1751220,29,15.941,56.572,2.37568,158.24
1751280,6,44.9196,46.0655,2.30202,772.8
1751340,6,45.1548,46.0655,2.30202,772.8
1751460,6,45.2822,46.0655,2.30202,802.24
1751700,6,45.1842,46.0655,2.29313,831.68
1751760,6,45.2528,46.0655,2.29313,831.68
1752180,32,14.9316,59.8584,2.34751,478.4
1752240,32,14.9904,59.828,2.34751,507.84
1752330,6,46.1152,46.0655,2.30202,920.0
1752330,32,15.0002,59.8584,2.35683,537.28
1752480,6,46.0564,46.164,2.29313,920.0
1752480,32,14.912,59.9496,2.34751,566.72
1752510,32,14.9708,59.7671,2.35683,566.72
1752540,32,14.9316,59.9496,2.34751,596.16
1752600,6,46.1348,46.0655,2.30202,964.16
1752690,32,14.9414,59.9496,2.35683,625.6
1753410,6,46.958,45.5391,2.30202,1081.92
1753620,6,47.1344,45.8024,2.30202,1023.04
1754070,32,15.5784,57.8389,2.35683,655.04
1754100,32,15.647,57.4382,2.36622,684.48
1754730,32,15.6862,57.3456,2.35683,890.56
1754760,32,15.598,57.6849,2.35683,861.12
1754820,32,15.745,57.1294,2.35683,861.12
1754850,32,15.6764,57.4999,2.35683,802.24
1754910,32,15.6372,57.4999,2.35683,802.24
1754940,6,48.3888,45.2423,2.30202,1023.04
1754940,32,15.6764,57.3765,2.35683,861.12
1754970,32,15.7548,57.4073,2.35683,861.12
1755000,32,15.7744,57.0675,2.35683,890.56
1755030,32,15.6568,57.4073,2.35683,890.56
1755120,32,15.6568,57.3765,2.35683,964.16
1755150,32,15.7352,57.1912,2.35683,1023.04
1755180,32,15.7744,57.1294,2.35683,1023.04
1755210,6,48.3692,45.0112,2.30202,1140.8
1755270,6,48.2516,44.9782,2.30202,1140.8
1755300,32,15.9116,56.8819,2.35683,1023.04
1755330,6,48.4084,45.0112,2.30202,1199.68
1756050,6,49.3394,45.0442,2.30202,1317.44
1756080,6,49.2414,44.8129,2.30202,1317.44
1756230,6,49.4668,44.7798,2.30202,1317.44
1756290,6,49.2218,44.7137,2.30202,1317.44
1756320,6,49.1924,44.6475,2.30202,1376.32
1756350,6,49.3982,44.7137,2.30202,1376.32
1756440,6,49.1826,44.5482,2.30202,1376.32
1756710,6,49.5942,44.7798,2.30202,1376.32
1756980,6,50.0254,44.4488,2.30202,1376.32
1757070,6,50.045,44.5151,2.30202,1376.32
1757220,6,49.8784,44.6144,2.30202,1435.2
1757400,6,49.9078,45.1763,2.30202,1435.2
1757580,6,50.0646,45.4402,2.30202,1435.2
1758630,6,51.4856,46.0655,2.30202,1494.08
1758690,6,51.6326,46.0655,2.29313,1494.08
1759050,6,52.1422,46.0655,2.29313,1494.08
1759200,6,52.4852,46.2297,2.30202,1552.96
1759740,6,53.181,46.4921,2.29313,1552.96
1760520,6,53.916,45.2423,2.30202,1552.96
1760580,6,53.4554,45.0442,2.30202,1552.96
1760640,6,53.7298,45.0442,2.30202,1552.96
1760700,6,53.2398,44.7137,2.31097,1552.96
1761030,6,53.5632,44.4157,2.31097,1552.96
1761090,6,53.4946,44.2168,2.31097,1552.96
1761120,6,53.3868,44.2168,2.31097,1552.96
1761180,6,53.2888,43.8848,2.31097,1552.96
1761330,6,53.3378,43.8183,2.31097,1552.96
1761450,6,53.4554,43.5522,2.31097,1552.96
1761900,6,52.6616,43.7851,2.31097,1611.84
1761960,6,52.9066,43.918,2.32,1611.84
1762590,6,52.2892,43.7186,2.32,1611.84
1762620,6,52.7694,43.6853,2.32,1611.84
1762860,6,52.2892,43.4524,2.32,1611.84
1762980,6,52.1618,43.2525,2.32,1611.84
1763010,6,52.7694,43.1858,2.32,1611.84
1763520,6,52.1226,42.7853,2.32,1611.84
1763730,6,52.642,42.5847,2.32,1611.84
1764180,6,51.6522,42.5178,2.32,1552.96
1764690,6,51.4954,42.5847,2.32,1552.96
1765230,35,121.546,41.7133,2.30202,1376.32
1765260,35,121.291,41.6797,2.30202,1376.32
1765350,35,120.605,41.5789,2.30202,1317.44
1765440,35,120.056,41.478,2.30202,1317.44
1765560,35,119.449,41.5116,2.30202,1317.44
1765590,35,120.252,41.5116,2.30202,1317.44
1765650,35,119.096,41.6797,2.30202,1317.44
1765710,35,120.919,41.5789,2.31097,1317.44
1765740,35,119.253,41.5453,2.30202,1317.44
1765770,35,120.487,41.5116,2.30202,1317.44
1765860,35,119.233,41.5116,2.31097,1317.44
1765890,35,118.919,41.5116,2.30202,1317.44
1765950,35,117.685,41.5116,2.30202,1317.44
1766070,35,117.41,41.5116,2.31097,1317.44
1766160,35,116.685,41.6461,2.30202,1317.44
1766190,35,117.547,41.7469,2.31097,1317.44
1766250,35,117.057,41.5116,2.31097,1317.44
1766310,35,116.352,41.5789,2.31097,1317.44
1766340,35,116.881,41.5116,2.30202,1317.44
1766370,35,116.979,41.4444,2.31097,1317.44
1766460,35,115.921,41.5789,2.31097,1317.44
1766520,35,116.038,41.5116,2.30202,1317.44
1766580,35,117.234,41.4108,2.31097,1317.44
1766670,35,116.215,41.2425,2.30202,1317.44
1766700,35,116.724,41.2088,2.30202,1317.44
1766760,35,116.881,41.2425,2.31097,1317.44
1766790,35,116.548,41.2425,2.30202,1317.44
1766820,35,116.391,41.3098,2.31097,1317.44
1766850,35,116.469,41.3771,2.30202,1317.44
1766880,35,116.117,41.3098,2.31097,1317.44
1766910,35,115.881,41.2761,2.31097,1317.44
1766970,35,115.842,41.3098,2.31097,1317.44
1767060,35,115.783,41.3098,2.30202,1317.44
1767150,35,116.607,41.1078,2.30202,1317.44
1767210,35,116.254,41.0404,2.31097,1317.44
1767240,35,115.313,41.0741,2.31097,1317.44
1767300,35,115.744,41.1078,2.30202,1317.44
1767330,35,115.313,41.2425,2.31097,1317.44
1767750,35,116.215,41.1078,2.31097,1317.44
1767870,35,115.803,41.0404,2.31097,1317.44
1768260,35,114.186,41.478,2.30202,1258.56
1768620,35,115.215,41.1751,2.30202,1258.56
1768650,35,115.803,41.2088,2.30202,1258.56
1769070,35,115.862,41.0741,2.30202,1258.56
1769190,35,115.274,41.1078,2.30202,1258.56
1769220,35,115.823,41.1414,2.31097,1258.56
1769670,6,51.5542,43.1858,2.32,1317.44
1769790,35,114.353,41.0404,2.31097,1258.56
1769850,35,115.254,41.1078,2.31097,1258.56
1770090,35,113.98,41.2425,2.30202,1258.56
1770270,35,114.333,41.2088,2.30202,1258.56
1770420,6,51.4954,43.0524,2.32,1317.44
1770480,35,114.157,41.0404,2.30202,1258.56
1770510,6,51.6032,42.9856,2.32,1317.44
1770780,35,115.685,41.2425,2.31097,1258.56
1770870,35,114.137,41.3771,2.31097,1258.56
1771110,35,114.078,41.1078,2.31097,1199.68
1771140,35,113.98,41.0067,2.31097,1199.68
1771170,35,114.353,41.0404,2.31097,1199.68
1771230,35,114.117,41.1751,2.30202,1199.68
1771260,35,113.941,41.1751,2.31097,1199.68
1771290,35,114.353,41.2761,2.31097,1199.68
1771410,35,114.137,41.2425,2.31097,1199.68
1771440,35,114.255,41.2088,2.31097,1199.68
1771560,6,52.005,43.4524,2.32,1258.56
1771860,6,52.152,43.3858,2.32,1258.56
1771860,35,114.157,41.1751,2.31097,1199.68
1771980,6,52.1422,43.3525,2.32,1258.56
1772190,35,114.117,41.4444,2.31097,1140.8
1772430,35,114.353,41.5789,2.31097,1140.8
1772550,6,52.4656,43.3858,2.32,1199.68
1772580,35,115.274,41.5116,2.30202,1140.8
1772610,6,52.6028,43.4524,2.32,1199.68
1772670,43,385.568,0.580611,2.45421,1.80992
1772760,6,52.4558,43.7186,2.32,1199.68
1772910,6,52.3088,43.3525,2.32,1199.68
1772940,35,115.235,41.5116,2.31097,1140.8
1773090,6,52.495,43.3525,2.32,1199.68
1773090,35,115.235,41.6461,2.31097,1140.8
1773210,35,116.352,41.814,2.31097,1140.8
1773240,6,54.9352,43.3525,2.32,1199.68
1773240,35,115.999,41.814,2.30202,1140.8
1773360,35,116.068,41.7805,2.31097,1140.8
1773450,35,116.215,41.5116,2.31097,1140.8
1773480,6,52.8968,43.3191,2.32,1199.68
1773480,35,115.842,41.5116,2.31097,1140.8
1773510,35,115.744,41.5116,2.31097,1140.8
1773540,35,116.548,41.4444,2.31097,1140.8
1773600,35,116.861,41.5453,2.31097,1140.8
1773630,35,116.097,41.5789,2.31097,1140.8
1773660,35,116.175,41.5789,2.31097,1140.8
1773690,35,115.862,41.6125,2.30202,1140.8
1773720,35,116.45,41.6797,2.31097,1140.8
1773870,35,116.744,41.6797,2.31097,1081.92
1773960,35,117.116,41.6461,2.31097,1081.92
1774020,35,116.861,41.6461,2.31097,1081.92
1774050,35,116.646,41.6461,2.31097,1081.92
1774110,35,117.175,41.6461,2.31097,1081.92
1774140,35,117.038,41.6461,2.30202,1081.92
1774170,6,52.6714,43.4191,2.32,1140.8
1774170,35,117.155,41.6125,2.30202,1081.92
1774200,35,117.273,41.5116,2.30202,1081.92
1774410,6,53.3182,43.3858,2.32,1140.8
1774410,35,117.175,41.7133,2.31097,1081.92
1774500,6,53.6612,43.3858,2.32,1140.8
1774530,35,118.018,41.7469,2.31097,1081.92
1774560,35,117.469,41.7805,2.31097,1081.92
1774620,6,53.9062,43.5855,2.32,1140.8
1774710,35,116.215,41.5789,2.31097,1081.92
1774860,35,117.038,41.5789,2.31097,1081.92
1774920,35,118.39,41.7469,2.30202,1081.92
1774950,6,53.671,43.519,2.32,1081.92
1774950,35,117.312,41.8812,2.30202,1023.04
1774980,6,53.9846,43.4524,2.32,1081.92
1774980,35,118.625,41.8476,2.31097,1023.04
1775010,35,117.822,41.814,2.30202,1023.04
1775070,6,54.112,43.519,2.32,1081.92
1775130,35,118.233,41.6461,2.30202,1023.04
1775160,35,119.762,41.7133,2.31097,1023.04
1775280,35,118.39,41.7805,2.31097,1023.04
1775310,35,119.017,41.6797,2.31097,1023.04
1775340,35,118.723,41.6461,2.31097,1023.04
1775400,35,117.959,41.7805,2.31097,1023.04
1775610,35,116.861,41.8476,2.31097,1023.04
1775700,6,54.1022,43.5855,2.32,1081.92
1775730,6,54.1414,43.6521,2.32,1081.92
1775760,6,54.4354,43.6853,2.32,1081.92
1775760,35,119.899,41.9147,2.30202,964.16
1775910,6,54.0336,43.7186,2.32,1023.04
1776000,35,118.919,41.6797,2.31097,964.16
1776030,35,119.782,41.6461,2.30202,964.16
1776060,35,120.389,41.5789,2.30202,964.16
1776120,35,118.233,41.5789,2.31097,964.16
1776150,35,119.155,41.6461,2.31097,964.16
1776180,35,119.057,41.814,2.31097,964.16
1776210,35,118.939,41.814,2.30202,964.16
1776270,35,118.155,41.8476,2.31097,964.16
1776330,6,54.5824,43.6521,2.32,1023.04
1776360,35,119.057,41.7805,2.31097,964.16
1776450,35,119.997,41.7133,2.30202,964.16
1776510,35,121.115,41.7805,2.31097,920.0
1776570,6,54.994,43.6521,2.32,1023.04
1776600,35,119.762,41.7133,2.30202,920.0
1776660,6,54.6804,43.7851,2.32,1023.04
1776690,6,55.6898,43.5522,2.32,1023.04
1776720,6,54.8372,43.4857,2.32,1023.04
1776810,35,119.39,41.6125,2.31097,920.0
1776840,35,119.762,41.7133,2.31097,920.0
1776870,35,120.84,41.6797,2.31097,920.0
1776990,35,119.449,41.9483,2.31097,890.56
1777050,6,55.092,43.5855,2.32,964.16
1777050,35,119.762,42.0824,2.30202,890.56
1777080,35,121.663,42.0489,2.31097,890.56
1777140,6,55.1116,43.918,2.32,964.16
1777140,35,119.997,42.0154,2.30202,890.56
1777230,6,54.9352,43.6521,2.32,964.16
1777260,35,121.703,41.7805,2.30202,890.56
1777320,6,55.5428,43.9844,2.32,964.16
1777620,6,55.582,43.7851,2.32,964.16
1777650,6,55.6702,43.7851,2.32,964.16
1777770,6,56.0328,43.9512,2.32,964.16
1777920,6,55.827,44.0508,2.32,890.56
1778010,6,55.7094,43.8848,2.32,920.0
1779000,6,56.5914,44.6475,2.32,861.12
1779180,6,56.5522,44.7137,2.32,831.68
1779870,6,57.6596,45.1103,2.32,802.24
1779900,6,57.983,45.1763,2.32,802.24
1780110,6,58.1692,45.1433,2.32,772.8
1780140,6,58.0516,45.2093,2.32,772.8
1780200,6,58.0222,45.1103,2.31097,772.8
1780230,6,58.473,45.6049,2.32,772.8
1780320,6,58.3652,45.7037,2.32,772.8
1780500,6,58.5514,46.0655,2.32,772.8
1781280,6,59.1786,45.6708,2.32,713.92
1781790,6,60.4134,45.5391,2.32,684.48
1782060,6,60.3546,45.2753,2.32,655.04
1782390,6,61.1778,45.4732,2.32,655.04
1782540,6,61.0504,45.4732,2.32,625.6
1782750,6,61.4522,45.9997,2.32,625.6
1783080,6,62.0402,45.7037,2.32,596.16
1783290,6,62.2362,45.1763,2.32,596.16
1783410,6,62.1186,44.9782,2.32,596.16
1783650,6,61.9422,44.7137,2.32,566.72
1783710,6,62.1676,44.6475,2.32,566.72
1783770,6,62.736,44.7137,2.32,566.72
1784070,6,62.4322,44.5151,2.32,537.28
1784130,6,62.3734,44.7137,2.32,537.28
1784550,6,63.1574,44.9782,2.31097,507.84
1784640,6,63.373,45.0442,2.32,507.84
1784940,6,63.4906,45.3083,2.31097,478.4
1785060,6,63.6866,45.6708,2.31097,478.4
1785330,6,64.696,45.6379,2.31097,478.4
1785420,6,64.353,45.6379,2.31097,456.32
1785510,6,64.4706,45.5391,2.31097,456.32
1785540,6,64.7352,45.4732,2.31097,456.32
1785990,6,66.0386,45.1763,2.31097,412.16
1787130,6,67.9986,44.6475,2.31097,353.28
1787700,6,69.0374,44.7137,2.31097,323.84
1788480,6,70.2134,44.6475,2.31097,264.96
1788660,6,69.8802,44.6144,2.31097,250.24
1788720,6,69.8508,44.5482,2.31097,250.24
1788900,6,70.4878,44.6144,2.31097,235.52
1789620,6,71.458,44.6806,2.31097,150.88
1789950,6,71.7716,44.7137,2.31097,108.56
1791300,6,73.3102,44.2499,2.31097,17.48
1791780,6,74.8194,44.2499,2.31097,13.8
1792350,6,75.5642,45.4402,2.31097,13.8
1792380,6,75.133,44.5813,2.31097,13.8
1792440,6,75.1918,44.5813,2.31097,13.8
1792890,6,76.4168,44.7467,2.31097,13.8
1793040,6,75.7406,44.5151,2.31097,13.8
1793220,6,76.75,44.3494,2.31097,13.8
1793640,6,77.485,44.4819,2.31097,11.96
1793880,6,77.485,44.3162,2.31097,13.8
1793970,6,77.828,44.3162,2.31097,13.8
1794240,6,78.1514,44.1172,2.31097,13.8
1794420,6,79.0334,44.1836,2.31097,13.8
1794810,6,79.6508,44.084,2.31097,13.8
1794900,6,79.3176,44.1172,2.31097,13.8
1795230,6,80.5132,44.0508,2.31097,12.88
1795290,6,79.9938,44.0508,2.31097,13.8
1795320,6,79.8174,44.0176,2.31097,13.8
1796100,6,81.9734,43.9844,2.31097,13.8
1796190,6,81.5422,43.918,2.30202,13.8
1796220,6,81.3364,43.8515,2.31097,13.8
1796250,6,81.4246,43.918,2.30202,13.8
1796280,6,81.552,43.8183,2.30202,13.8
1796310,6,81.7578,43.8515,2.31097,13.8
1796460,6,82.042,43.8183,2.30202,13.8
1796490,6,81.895,43.8848,2.31097,13.8
1796580,6,82.63,43.8848,2.31097,13.8
1796640,6,82.581,43.8515,2.31097,13.8
1796790,6,82.6594,43.6521,2.31097,13.8
1796820,6,83.071,43.6521,2.31097,13.8
1796850,6,82.1988,43.6188,2.30202,13.8
1796910,6,82.9338,43.5855,2.30202,13.8
1797090,6,82.7378,43.5522,2.30202,13.8
1797120,6,83.2082,43.519,2.31097,13.8
1797480,6,83.904,43.4857,2.31097,13.8
1797510,6,84.0314,43.4524,2.30202,13.8
1797570,6,84.0118,43.3858,2.30202,13.8
1797600,6,83.7962,43.3858,2.30202,13.8
1797630,6,84.296,43.4524,2.30202,13.8
1797720,6,84.0314,43.3191,2.30202,13.8
1797870,6,83.5218,43.3525,2.30202,13.8
1797930,6,84.2666,43.3525,2.30202,13.8
1798290,6,85.5602,43.2858,2.30202,13.8
1798530,6,85.129,43.2525,2.30202,13.8
1798800,6,85.9718,43.1525,2.30202,13.8
1798920,6,86.5206,43.1858,2.30202,12.88
1799070,6,86.3638,43.1858,2.30202,12.88
1799280,6,86.8538,43.1525,2.30202,12.88
1799400,6,87.138,43.1525,2.30202,13.8
1799490,6,87.0204,43.1858,2.30202,13.8
1799550,6,87.1282,43.2858,2.30202,13.8
1799580,6,86.9714,43.3858,2.30202,13.8
1799610,6,87.53,43.3525,2.30202,13.8
1799640,6,87.7358,43.1858,2.30202,13.8
1799730,6,87.6868,43.1858,2.30202,13.8
1799790,6,87.7946,43.1525,2.30202,13.8
1799820,6,88.1278,43.0858,2.30202,13.8
1799850,6,88.2454,43.0858,2.30202,13.8
1799880,6,88.4022,43.019,2.30202,13.8
1800780,6,91.6166,42.8521,2.30202,13.8
1800870,6,90.3426,42.8855,2.30202,13.8
1801050,6,90.8718,42.7853,2.30202,16.56
1801170,6,91.4402,42.8187,2.30202,17.48
1801260,6,91.1658,42.6516,2.30202,17.48
1801290,6,91.4402,42.7185,2.30202,17.48
1801380,6,91.8126,42.8187,2.30202,17.48
1801920,6,92.1654,42.6516,2.30202,17.48
1801950,6,92.3614,42.6182,2.30202,17.48
1802040,6,92.4006,42.5178,2.30202,17.48
1802160,6,92.8318,42.4509,2.30202,17.48
1802400,6,93.018,42.5847,2.30202,17.48
1802430,6,93.5962,42.5847,2.30202,17.48
1802460,6,94.7918,42.5513,2.30202,17.48
1802490,6,93.655,42.4509,2.30202,17.48
1802520,6,94.2626,42.5513,2.30202,17.48
1802610,6,93.753,42.5178,2.30202,17.48
1802640,6,93.6746,42.5178,2.30202,17.48
1802730,6,94.2626,42.2835,2.30202,17.48
1802880,6,94.7134,42.4509,2.30202,17.48
1802910,6,95.2034,42.4509,2.30202,17.48
1802940,6,95.0368,42.4509,2.30202,17.48
1803030,6,95.321,42.25,2.30202,17.48
1803150,6,95.1642,42.317,2.30202,17.48
1803750,6,97.2222,42.317,2.30202,13.8
1803780,6,96.8792,42.317,2.30202,13.8
1804140,6,97.3202,42.116,2.30202,13.8
1804320,6,97.8886,42.1495,2.30202,13.8
1804440,6,98.2414,42.116,2.30202,13.8
1804830,6,99.437,42.116,2.29313,13.8
1804950,6,100.113,42.116,2.29313,13.8
1805040,6,99.4174,42.116,2.30202,13.8
1805130,38,38.1282,43.9844,2.32,224.48
1805190,6,99.6918,42.1495,2.30202,13.8
1805250,6,100.672,42.1495,2.29313,13.8
1805340,38,38.5692,43.9512,2.31097,224.48
1805520,6,100.554,42.0489,2.30202,13.8
1805580,6,100.319,42.0489,2.29313,13.8
1805700,6,101.338,41.9818,2.30202,13.8
1805790,6,101.632,41.9818,2.29313,13.8
1805850,6,102.73,41.9483,2.29313,13.8
1805970,6,102.965,41.8812,2.29313,13.8
1806000,6,101.818,41.9147,2.29313,13.8
1806330,6,103.592,41.7805,2.29313,13.8
1806390,6,103.063,41.7133,2.30202,13.8
1806600,6,102.749,41.6797,2.29313,13.8
1806720,6,105.043,41.3771,2.29313,13.8
1807020,6,104.219,41.3771,2.29313,13.8
1807050,6,104.21,41.3771,2.29313,13.8
1807200,6,105.023,41.4444,2.29313,13.8
1807230,6,105.376,41.4108,2.29313,13.8
1807410,6,105.689,41.3771,2.29313,13.8
1807440,6,106.16,41.3098,2.29313,13.8
1807470,6,105.454,41.3435,2.29313,13.8
1807530,6,105.65,41.1751,2.29313,13.8
1807560,38,40.1372,43.7851,2.31097,224.48
1807620,6,106.062,41.3098,2.29313,13.8
1807800,38,40.3822,43.918,2.30202,224.48
1808040,6,107.169,41.1078,2.29313,13.8
1808130,6,107.316,41.3435,2.29313,13.8
1808160,6,107.551,41.2088,2.29313,13.8
1808280,38,40.4214,43.8183,2.31097,224.48
1808370,38,40.0882,43.7851,2.30202,224.48
1808430,6,108.12,41.1078,2.29313,13.8
1808610,38,40.4704,43.8848,2.32,224.48
1808670,6,108.767,40.9055,2.29313,13.8
1808850,6,109.472,40.8718,2.29313,13.8
1808910,6,109.825,40.973,2.29313,13.8
1809030,6,109.805,41.0067,2.29313,13.8
1809060,6,111.197,40.9055,2.29313,13.8
1809120,38,41.323,43.9512,2.31097,224.48
1809180,6,110.55,40.973,2.29313,13.8
1809510,6,111.177,40.6355,2.29313,13.8
1809630,38,41.176,43.7186,2.30202,224.48
1809660,6,111.687,40.5004,2.29313,13.8
1809660,38,40.9604,43.7186,2.31097,224.48
1809780,6,111.569,40.5342,2.29313,13.8
1809870,6,112.02,40.3314,2.29313,13.8
1809960,6,112.726,40.6018,2.29313,13.8
1810050,6,111.961,40.568,2.29313,13.8
1810260,6,113.412,40.4328,2.29313,13.8
1810320,6,114.196,40.4328,2.29313,13.8
1810380,6,113.529,40.3652,2.29313,13.8
1810410,6,113.863,40.3652,2.29313,13.8
1810620,6,113.843,40.2976,2.29313,13.8
1810650,6,114.294,40.0945,2.29313,13.8
1810710,38,42.6068,43.519,2.30202,224.48
1810920,38,43.0184,43.6853,2.31097,224.48
1811490,6,117.175,39.6878,2.28431,13.8
1811520,38,43.4888,43.4524,2.30202,224.48
1811550,6,116.528,39.6878,2.29313,13.8
1811550,38,43.2732,43.3858,2.30202,224.48
1811610,38,43.1654,43.3191,2.31097,224.48
1811640,6,117.469,39.62,2.29313,13.8
1811820,6,116.979,39.62,2.28431,13.8
1811850,38,43.7632,43.2525,2.30202,224.48
1811910,38,43.871,43.2525,2.30202,224.48
1811970,6,120.291,39.5521,2.29313,13.8
1812060,6,118.919,39.5521,2.28431,13.8
1812120,6,119.586,39.4162,2.29313,13.8
1812150,6,119.723,39.4162,2.29313,13.8
1812180,38,43.773,43.2858,2.31097,224.48
1812630,38,44.6354,42.9856,2.31097,224.48
1812690,38,44.5276,42.9856,2.30202,224.48
1812810,38,44.3512,42.8521,2.30202,224.48
1813020,38,44.8118,43.019,2.31097,224.48
1813230,38,44.8706,43.3191,2.30202,224.48
1813500,38,45.1058,43.3858,2.31097,224.48
1813560,38,45.1156,43.2525,2.30202,224.48
1813650,38,45.0666,43.1525,2.30202,224.48
1813800,38,45.4194,42.9523,2.30202,224.48
1813890,38,45.4292,42.8855,2.31097,224.48
1813950,38,45.5762,42.7519,2.29313,224.48
1814040,38,45.8702,43.019,2.29313,224.48
1814400,38,45.9682,43.019,2.30202,224.48
1814670,38,46.0466,43.1525,2.29313,224.48
1814760,38,46.3406,43.0524,2.31097,224.48
1814790,38,46.125,43.019,2.30202,224.48
1814970,38,46.9874,42.8521,2.31097,224.48
1815390,38,46.9972,43.0524,2.31097,224.48
1815480,38,47.2128,43.0524,2.30202,224.48
1815870,38,47.6636,42.9523,2.31097,224.48
1816410,38,48.2222,42.9189,2.31097,224.48
1816830,38,48.3006,43.019,2.30202,224.48
1817310,38,49.3002,42.6516,2.29313,224.48
1817400,38,49.6236,42.8187,2.30202,224.48
1817670,38,49.3002,42.9189,2.30202,224.48
1818000,38,49.8196,42.7853,2.29313,224.48
1819290,38,51.4268,41.9483,2.30202,224.48
1820100,38,52.7302,41.7805,2.30202,224.48
1820310,38,52.3284,41.7133,2.28431,224.48
1820340,38,52.4362,41.7133,2.29313,224.48
1820610,38,53.3672,41.7133,2.29313,224.48
1820670,38,52.789,41.7133,2.29313,224.48
1820940,38,54.0238,41.7805,2.30202,224.48
1821090,38,53.622,41.7805,2.30202,224.48
1821330,38,54.3962,41.6797,2.29313,224.48
1821420,38,53.5828,41.6797,2.30202,224.48
1821930,38,55.0724,41.3771,2.30202,224.48
1822020,38,54.8274,41.2761,2.29313,224.48
1822260,38,56.2386,41.0404,2.30202,224.48
1822590,38,55.8662,40.6693,2.29313,224.48
1822650,38,55.5134,40.568,2.29313,224.48
1822680,38,55.9446,40.568,2.30202,224.48
1822980,38,56.709,40.4666,2.29313,224.48
1823130,38,56.3954,40.3652,2.30202,224.48
1824150,38,58.1398,40.0945,2.29313,224.48
1824210,38,58.081,40.1622,2.28431,224.48
1824300,38,57.7184,40.2299,2.29313,224.48
1824390,38,58.3162,40.3314,2.30202,224.48
1824510,38,58.0614,40.3652,2.29313,224.48
1824540,38,58.4338,40.3652,2.28431,224.48
1824600,38,57.5224,40.3652,2.30202,224.48
1824780,38,59.0904,40.2976,2.29313,224.48
1825020,38,59.1394,40.0268,2.29313,224.48
1825050,38,58.5024,39.9591,2.29313,224.48
1825110,38,58.6298,39.9591,2.30202,224.48
1825350,38,59.1492,39.8913,2.28431,224.48
1825800,38,59.5902,39.8235,2.28431,224.48
1825920,38,59.8548,39.7557,2.30202,224.48
1825980,38,59.845,39.6878,2.29313,224.48
1826100,38,59.8842,39.5521,2.29313,224.48
1826250,38,60.3644,39.4162,2.29313,224.48
1826310,38,60.433,39.3483,2.30202,224.48
1826430,38,61.021,39.3823,2.29313,224.48
1826610,38,61.1484,39.5521,2.28431,224.48
1826760,38,62.0206,39.5521,2.28431,224.48
1827060,38,62.0206,39.586,2.28431,224.48
1827120,38,61.6286,39.62,2.30202,224.48
1827240,38,61.7364,39.5521,2.28431,224.48
1827540,38,63.226,39.4502,2.29313,224.48
1827630,38,62.5008,39.4162,2.28431,224.48
1827900,38,63.7846,39.4842,2.28431,224.48
1827990,38,63.2848,39.4162,2.29313,224.48
1828080,38,63.4514,39.4842,2.28431,224.48
1828110,38,63.3142,39.4842,2.29313,224.48
1828230,38,64.3334,39.5181,2.29313,224.48
1828260,38,64.4118,39.4842,2.29313,224.48
1828440,38,64.9802,39.3483,2.28431,224.48
1828470,38,63.9022,39.2803,2.28431,224.48
1828530,38,64.3922,39.3143,2.29313,224.48
1828560,38,64.843,39.3143,2.30202,224.48
1828800,38,64.304,39.3143,2.29313,224.48
1829490,38,65.5976,39.4162,2.28431,224.48
1829760,38,67.293,39.2803,2.28431,224.48
1829910,38,66.5384,39.3143,2.29313,224.48
1830000,38,66.4796,39.3483,2.28431,224.48
1830090,38,66.1856,39.4162,2.28431,224.48
1830150,38,66.3032,39.4162,2.29313,224.48
1830210,38,66.8226,39.4162,2.29313,224.48
1830540,38,67.6752,39.4162,2.29313,224.48
1830570,38,67.979,39.4162,2.29313,224.48
1830630,38,67.6262,39.4162,2.29313,224.48
1830660,38,68.5768,39.3823,2.28431,224.48
1830780,38,68.0084,39.2803,2.28431,224.48
1830930,38,67.5086,39.2123,2.28431,224.48
1831350,38,68.3808,39.4162,2.28431,224.48
1831590,38,68.861,39.4842,2.29313,224.48
1831620,38,68.8414,39.4842,2.28431,224.48
1831680,38,69.547,39.4842,2.29313,224.48
1831890,38,68.6944,39.4162,2.29313,224.48
1831980,38,70.1546,39.3143,2.28431,224.48
1832190,38,69.4294,39.1443,2.29313,224.48
1832220,38,69.7038,39.2123,2.28431,224.48
1832250,38,69.7038,39.2123,2.29313,224.48
1832280,38,69.8214,39.2123,2.29313,224.48
1832370,38,71.4678,39.2123,2.28431,224.48
1832460,38,70.1938,39.2463,2.28431,224.48
1832550,38,69.9978,39.2123,2.28431,224.48
1832640,38,70.7132,39.2123,2.29313,224.48
1833030,38,70.3702,39.0763,2.28431,235.52
1833060,38,71.213,39.0082,2.28431,235.52
1833390,38,70.9974,38.8039,2.28431,235.52
1833630,38,72.4674,38.872,2.29313,235.52
1834350,38,69.0472,38.3263,2.28431,264.96
1834380,38,72.389,38.7016,2.28431,264.96
1834710,38,72.5752,38.7016,2.28431,279.68
1834920,38,72.1636,38.8039,2.28431,279.68
1834950,38,73.4572,38.8039,2.28431,279.68
1836000,38,73.81,38.5993,2.28431,412.16
1836570,38,72.977,38.3263,2.29313,478.4
1836630,38,73.4474,38.258,2.28431,478.4
1836660,38,72.7614,38.1897,2.28431,478.4
1836750,38,73.271,38.1213,2.29313,507.84
1836780,38,73.2612,38.0871,2.28431,507.84
1836810,38,72.0264,38.0529,2.28431,507.84
1836870,38,73.4474,37.9845,2.28431,507.84
1836990,38,73.4866,37.8819,2.29313,507.84
1837050,38,73.5062,37.9161,2.29313,537.28
1837080,38,73.026,37.8477,2.29313,537.28
1837320,38,71.7618,37.7792,2.28431,566.72
1837350,38,72.5262,37.7792,2.29313,566.72
1837470,38,72.2322,37.745,2.29313,566.72
1837890,38,71.5266,37.5051,2.29313,625.6
1837920,38,71.2522,37.5737,2.30202,625.6
1838130,38,70.723,37.1277,2.28431,655.04
1838250,38,70.625,37.265,2.29313,684.48
1838400,38,69.5078,37.059,2.29313,713.92
1838610,38,70.1742,36.8871,2.29313,743.36
1838970,38,69.4882,36.2673,2.29313,802.24
1839030,38,69.5274,36.3707,2.29313,802.24
1839090,38,69.0962,36.6118,2.29313,802.24
1839330,38,68.6846,35.853,2.29313,861.12
1839390,38,68.7042,35.6456,2.30202,861.12
1839750,38,67.5184,34.8834,2.30202,920.0
1839900,38,66.4208,34.5708,2.30202,964.16
1840050,38,66.1072,34.4317,2.30202,964.16
1840140,38,65.9602,34.2577,2.31097,964.16
1840200,38,65.5094,34.188,2.31097,964.16
1840590,38,65.2938,34.0487,2.32,1081.92
1840650,38,64.4314,33.8396,2.32,1081.92
1840860,38,63.863,33.3507,2.32,1081.92
1841010,38,63.03,33.1059,2.31097,1140.8
1841190,38,61.9716,32.8257,2.31097,1199.68
1841430,38,62.1284,32.6505,2.31097,1258.56
1841700,38,60.2076,32.6505,2.31097,1317.44
1842090,38,60.3154,31.948,2.32,1376.32
1842570,38,55.1018,31.3139,2.33827,1494.08
1843200,38,65.2546,30.4655,2.32,1611.84
1843290,38,64.892,30.3238,2.33827,1611.84
1843470,38,63.9022,30.2884,2.3291,1611.84
1843560,38,64.2354,30.182,2.3291,1611.84
1843650,38,64.1668,30.182,2.3291,1611.84
1843680,38,63.9414,30.0401,2.3291,1670.72
1843770,38,63.7846,29.8271,2.33827,1670.72
1843980,38,62.3048,29.8626,2.33827,1670.72
1844010,38,63.0986,29.9691,2.3291,1670.72
1844250,38,62.4322,29.5428,2.34751,1729.6
1844520,38,61.8638,29.2581,2.34751,1729.6
1844640,38,61.4228,29.2581,2.33827,1788.48
1845450,38,59.502,28.7234,2.33827,1847.36
1845540,38,59.6784,28.7591,2.34751,1847.36
1845720,38,59.3942,28.7591,2.34751,1847.36
1845960,38,58.0124,28.4735,2.35683,1847.36
1846260,38,57.7478,28.0085,2.35683,1847.36
1846320,38,57.8654,27.9011,2.34751,1847.36
1846530,38,56.5522,28.1875,2.34751,1847.36
1846920,38,56.5032,28.1875,2.35683,1847.36
1847100,38,56.2386,28.4377,2.35683,1847.36
1847310,38,55.8564,27.7936,2.35683,1847.36
1847460,38,54.9646,27.7578,2.34751,1847.36
1847550,38,55.9936,27.8294,2.34751,1847.36
1847580,38,54.5138,27.9011,2.35683,1847.36
1847610,38,54.8372,28.1517,2.35683,1847.36
1847910,38,54.1022,28.9018,2.34751,1847.36
1848570,38,53.3182,28.5449,2.35683,1847.36
1848810,38,52.789,28.9731,2.35683,1847.36
1850220,38,50.1528,29.4005,2.34751,1847.36
1850700,26,-38.4,-4.0,2.17553,1847.36
1850790,38,49.4766,29.2581,2.35683,1847.36
1850880,38,49.1434,29.3293,2.35683,1847.36
1851540,38,48.183,29.1869,2.35683,1847.36
1851600,38,48.33,29.1157,2.35683,1847.36
1851840,38,49.3786,28.9375,2.36622,1847.36
1851930,38,47.8008,28.9731,2.35683,1847.36
1852200,38,46.9972,28.7948,2.35683,1847.36
1852470,38,46.713,28.8305,2.36622,1847.36
1852860,38,46.0368,28.8305,2.35683,1847.36
1853160,38,45.8408,28.5449,2.35683,1847.36
1853280,38,45.8702,28.7234,2.37568,1847.36
1853760,38,45.4978,28.259,2.36622,1847.36
1853940,38,44.9196,28.1875,2.37568,1847.36
1854120,38,44.753,28.402,2.37568,1847.36
1854330,38,44.3806,28.402,2.37568,1847.36
1854420,38,44.0082,28.4735,2.36622,1847.36
1854840,38,43.8024,28.8305,2.36622,1847.36
1855110,38,43.5084,28.8305,2.37568,1847.36
1855650,38,43.0184,28.7948,2.36622,1847.36
1855770,38,43.0086,28.7591,2.37568,1847.36
1855980,38,42.8714,28.8305,2.36622,1847.36
1856460,38,42.3814,28.5092,2.37568,1847.36
1858710,38,42.2442,25.8865,2.38522,1847.36
1860150,38,40.49,27.6861,2.39484,1729.6
1860750,38,40.0882,28.3305,2.38522,1611.84
1866270,38,38.5986,30.182,2.38522,861.12
1866570,38,38.5398,30.182,2.37568,964.16
1869090,38,38.6182,31.3139,2.37568,684.48
1872630,38,40.4606,33.8396,2.35683,537.28
1873050,38,40.3822,34.188,2.36622,507.84
1873830,38,40.9996,34.536,2.35683,507.84
1875000,38,42.2246,34.8139,2.34751,338.56
1875060,38,42.205,34.7792,2.35683,338.56
1876020,38,42.842,35.9221,2.35683,264.96
1876140,38,43.1262,36.0603,2.35683,250.24
1876290,38,43.0086,36.1983,2.34751,250.24
1876470,38,43.2732,36.4396,2.34751,250.24
1876680,38,43.7338,36.6807,2.33827,235.52
1876830,38,43.7632,36.8183,2.34751,235.52
1877070,38,43.7632,37.059,2.3291,235.52
1877610,38,45.047,37.5737,2.33827,224.48
1878030,38,45.782,37.9161,2.3291,224.48
1878240,38,45.6938,38.0871,2.3291,224.48
1878360,38,46.2034,38.0529,2.33827,224.48
1878660,38,46.1348,38.0871,2.33827,224.48
1879200,38,47.7322,38.4629,2.3291,224.48
1879230,38,47.4088,38.4629,2.3291,224.48
1879320,38,47.5852,38.497,2.3291,224.48
1880430,38,49.4178,39.0082,2.32,224.48
1880730,38,49.9078,39.1103,2.3291,1.84
1880760,38,50.1332,39.0763,2.3291,1.84
1881660,38,52.1618,39.62,2.32,1.84
1881780,38,52.152,39.6878,2.32,1.84
1881810,38,51.9952,39.6878,2.32,1.84
1882350,38,53.2888,39.8235,2.32,1.84
1882470,38,54.2492,39.8913,2.32,1.84
1882980,38,54.8862,39.8913,2.31097,1.84
1883400,38,55.6506,40.0945,2.31097,1.84
1883430,38,56.2876,40.0268,2.32,1.84
1883460,38,55.9642,40.0607,2.32,1.84
1883550,38,56.0034,40.0607,2.32,1.84
1884000,38,56.611,40.3652,2.32,1.84
1884270,38,58.0124,40.4328,2.31097,1.84
1884480,38,58.5808,40.2638,2.32,1.84
1884540,38,59.0414,40.3314,2.32,1.84
1885710,38,61.3738,40.5342,2.31097,1.84
1886070,38,62.589,40.7031,2.31097,1.84
1886130,38,62.3636,40.7031,2.32,1.84
1886250,38,63.2652,40.7706,2.31097,1.84
1886370,38,63.4416,40.8381,2.31097,1.84
1886400,38,64.0492,40.8381,2.32,1.84
1886610,38,63.7944,40.7706,2.31097,1.84
1887570,38,67.2146,41.0741,2.30202,1.84
1887750,38,67.3714,41.1078,2.31097,1.84
1887810,38,67.7732,41.0404,2.30202,1.84
1887870,38,67.6948,40.9392,2.31097,1.84
1887960,38,68.567,41.0067,2.30202,1.84
1888050,38,68.1456,41.0741,2.31097,1.84
1888230,38,68.2044,41.0067,2.32,1.84
1888530,38,70.1938,41.2425,2.30202,1.84
1888620,38,70.2036,41.3435,2.31097,1.84
1888710,38,70.0076,41.3098,2.31097,1.84
1888860,38,70.0958,41.3435,2.31097,1.84
1889100,38,71.2326,41.3098,2.31097,1.84
1889520,38,73.0358,41.2761,2.31097,1.84
1889610,38,72.6046,41.4444,2.30202,1.84
1889970,38,73.81,41.6797,2.31097,1.84
1890000,38,73.5454,41.7469,2.31097,1.84
1890030,38,74.1922,41.6461,2.30202,1.84
1890060,32,-38.4,-4.0,2.09866,12.88
1890150,38,75.4074,41.6461,2.30202,1.84
1890480,38,76.1326,41.6461,2.31097,1.84
1890720,38,75.4662,41.7133,2.31097,1.84
1890810,38,77.1126,41.7469,2.30202,1.84
1890840,38,76.4266,41.814,2.30202,1.84
1891950,38,81.2874,42.2165,2.31097,1.84
1892010,38,80.6112,42.183,2.31097,1.84
1892160,38,81.9832,42.384,2.29313,1.84
1892220,38,81.9734,42.25,2.30202,1.84
1892400,38,82.2086,42.4509,2.31097,1.84
1892670,38,83.1494,42.6516,2.30202,1.84
1893000,38,83.9922,42.4509,2.29313,1.84
1893180,38,85.4818,42.5178,2.29313,1.84
1893300,38,84.8938,42.5178,2.29313,1.84
1893360,38,85.1976,42.6516,2.30202,1.84
1894110,38,88.216,42.6182,2.31097,1.84
1894170,38,87.971,42.5847,2.29313,1.84
1894200,38,88.1278,42.5847,2.30202,1.84
1894230,38,87.6966,42.5847,2.30202,1.84
1894320,38,90.0682,42.4509,2.30202,1.84
1894590,38,90.4994,42.5847,2.30202,1.84
1894710,38,90.715,42.685,2.30202,1.84
1894770,38,90.0486,42.7519,2.29313,1.84
1894830,38,90.9894,42.7519,2.29313,1.84
1895100,38,92.0772,42.8521,2.30202,1.84
1895370,38,92.8514,42.7185,2.30202,1.84
1895490,38,93.6256,42.685,2.29313,1.84
1895820,38,95.3308,42.8855,2.30202,1.84
1896270,38,96.3206,42.9856,2.29313,1.84
1896420,38,96.0952,43.1525,2.30202,1.84
1896630,38,96.8498,42.9189,2.30202,1.84
1897350,38,100.103,43.1191,2.29313,1.84
1898490,38,105.082,43.8515,2.28431,1.84
1898610,38,104.298,43.8515,2.28431,1.84
1899030,38,106.787,43.7186,2.30202,1.84
1899420,38,108.512,43.8183,2.28431,1.84
1899540,38,108.512,43.918,2.28431,1.84
1899690,38,108.649,43.9844,2.29313,1.84
1900080,38,111.863,44.084,2.28431,1.84
1900170,46,38.285,41.814,2.25825,1.38
1900350,38,112.04,43.8183,2.28431,1.84
1900410,46,38.1184,41.9147,2.2497,1.38
1900560,38,112.647,43.8183,2.29313,1.84
1900680,38,113.725,43.7851,2.29313,1.84
1900680,46,38.187,41.8476,2.2497,1.38
1900920,46,38.579,41.9147,2.2497,1.38
1901250,46,38.04,41.9818,2.2497,1.38
1901310,38,115.313,44.2168,2.28431,1.84
1901400,38,117.175,44.1836,2.28431,1.84
1902840,38,117.234,44.2831,2.28431,1.84
1902930,38,118.919,44.2499,2.28431,1.84
1903020,38,116.352,44.3162,2.28431,1.84
1903140,38,117.43,44.3825,2.28431,1.84
1903290,38,117.038,44.5482,2.29313,1.84
1903890,46,43.6946,42.317,2.2497,1.38
1904040,38,114.372,44.5813,2.29313,1.84
1904130,46,44.5276,42.25,2.2497,1.38
1904430,46,44.165,42.317,2.2497,1.38
1904460,46,44.1258,42.3505,2.2497,1.38
1904550,46,43.8416,42.317,2.2497,1.38
1904910,46,43.3418,42.4174,2.2497,1.38
1905030,46,43.2046,42.4844,2.24121,1.38
1905690,46,42.2834,42.4844,2.24121,1.38
1905750,38,108.277,45.1103,2.29313,1.84
1905870,46,42.3814,42.5178,2.2497,1.38
1905900,38,106.101,45.2423,2.28431,1.84
1906320,38,104.69,45.2753,2.29313,1.84
1907190,38,96.6734,45.1763,2.28431,1.84
1907430,38,96.5362,45.2423,2.29313,1.84
1907700,38,94.3214,45.1433,2.29313,1.84
1908480,46,42.3422,42.6516,2.2497,1.38
1908540,38,90.1466,45.4402,2.28431,1.84
1909470,38,86.5206,45.2753,2.28431,1.84
1909650,38,85.6582,45.3743,2.28431,1.84
1909770,38,84.7762,45.4402,2.28431,1.84
1909800,38,85.9718,45.4732,2.28431,1.84
1909920,38,85.472,45.5061,2.28431,1.84
1910040,38,83.9334,45.4402,2.28431,1.84
1910220,38,84.3842,45.1763,2.29313,1.84
1910460,38,84.149,44.9451,2.29313,1.84
1910490,46,41.1466,42.7185,2.2497,1.38
1910670,38,83.7766,45.1103,2.29313,1.84
1910700,38,83.7374,45.1433,2.28431,1.84
1911120,38,82.7182,45.4072,2.29313,1.84
1911150,38,83.12,45.4402,2.28431,1.84
1911360,46,42.6362,42.7853,2.24121,1.38
1911450,38,82.6594,45.2423,2.30202,1.84
1911720,38,83.0906,45.0773,2.30202,1.84
1911840,46,42.8224,42.7853,2.24121,1.38
1912140,38,83.4434,45.5061,2.28431,1.84
1912170,46,43.2242,42.8187,2.24121,1.38
1912200,46,42.793,42.8521,2.2497,1.38
1912470,38,83.6786,45.3413,2.29313,1.84
1912860,38,84.9918,45.0112,2.28431,1.84
1912920,38,83.9334,44.9451,2.29313,1.84
1913040,46,44.3904,43.1858,2.24121,1.38
1913580,38,84.5802,45.572,2.28431,1.84
1913730,38,84.6782,45.6379,2.28431,1.84
1913790,46,46.3798,43.1858,2.23278,1.38
1913940,46,47.0952,43.1858,2.24121,1.38
1914120,38,85.2662,45.2423,2.29313,1.84
1914990,4,38.4516,44.1172,2.32,5.06
1915110,46,48.2222,43.3858,2.23278,1.38
1915890,46,49.7314,43.519,2.24121,1.38
1916070,46,49.5354,43.519,2.23278,1.38
1916130,46,49.2414,43.519,2.23278,1.38
1916610,46,47.6342,43.6521,2.23278,1.38
1916670,46,48.2222,43.6521,2.23278,1.38
1916790,46,47.5166,43.6188,2.23278,1.38
1917090,38,87.5104,45.6708,2.29313,1.84
1917120,46,48.1732,43.6521,2.24121,1.38
1917570,46,49.4962,43.6521,2.24121,1.38
1917900,38,87.8534,45.7366,2.28431,1.84
1918020,46,51.5934,43.6521,2.23278,1.38
1918080,4,40.4018,44.7137,2.32,5.06
1918200,38,87.1478,45.6049,2.29313,1.84
1918260,38,87.8338,45.7695,2.28431,1.84
1918470,46,53.5534,43.7851,2.23278,1.38
1918800,4,41.0976,44.4157,2.32,5.06
1918920,4,41.2642,44.3825,2.32,5.06
1918920,38,87.1478,46.0655,2.29313,2.3
1919100,38,86.7656,45.6379,2.28431,2.76
1919160,38,87.6476,45.5061,2.28431,2.76
1919220,13,44.067,47.9942,2.27556,1.84
1919520,13,45.0372,47.799,2.28431,3.68
1919550,46,57.7282,43.7851,2.22442,2.3
1920030,13,45.9094,47.8641,2.28431,6.44
1920120,13,45.7232,47.9617,2.28431,6.9
1920240,38,86.697,45.6049,2.28431,5.06
1920270,38,87.3438,45.5391,2.28431,5.52
1920720,46,62.1186,43.8515,2.23278,4.14
1920780,46,62.1186,43.8848,2.22442,4.14
1921080,38,87.5104,45.4072,2.28431,11.96
1921140,38,87.4614,45.4402,2.28431,11.96
1921170,4,43.3908,44.2499,2.32,9.2
1921260,13,46.321,47.6361,2.28431,30.36
1921260,38,87.2262,45.4402,2.28431,12.88
1921350,13,46.3602,47.6687,2.27556,34.04
1921380,4,43.675,44.5813,2.32,10.12
1921440,21,43.3026,47.0813,2.31097,7.36
1921560,21,43.6162,47.1467,2.31097,8.28
1921560,46,64.2746,43.8515,2.22442,8.28
1921680,38,87.873,45.4732,2.28431,18.4
1921890,13,46.3112,47.7338,2.28431,46.92
1921890,46,65.0194,43.7851,2.22442,10.12
1921920,21,44.0376,47.1467,2.31097,9.2
1922100,13,47.6146,47.6687,2.28431,53.36
1922130,13,47.497,47.8641,2.27556,53.36
1922130,46,65.2546,43.8515,2.22442,11.04
1922250,46,65.235,43.8515,2.22442,11.04
1922280,13,47.7224,47.799,2.28431,53.36
1922280,46,65.4702,43.8515,2.22442,11.04
1922310,21,44.557,47.0159,2.31097,9.2
1922370,4,44.3904,44.6475,2.32,13.8
1922640,13,48.2614,47.6035,2.27556,64.4
1922670,38,87.775,45.572,2.28431,28.52
1922790,38,88.6374,45.2093,2.28431,30.36
1922820,4,44.9686,44.2831,2.32,15.64
1923000,4,45.6056,44.5813,2.32,16.56
1923060,4,45.8898,44.4488,2.32,17.48
1923150,46,66.0974,43.9512,2.22442,15.64
1923270,38,89.4018,45.4402,2.28431,34.04
1923450,13,49.702,47.6035,2.27556,90.16
1923480,4,45.8408,44.7798,2.32,18.4
1923510,21,46.223,47.3426,2.31097,13.8
1923720,46,66.1954,43.9512,2.21612,19.32
1923840,46,66.2738,43.9844,2.22442,18.4
1923870,21,46.2622,47.3426,2.31097,13.8
1923870,46,66.4698,43.9844,2.21612,18.4
1924230,4,46.664,44.7798,2.32,19.32
1924260,46,66.607,44.0176,2.22442,18.4
1924350,13,50.0156,47.8641,2.28431,93.84
1924350,46,66.7246,44.0176,2.21612,17.48
1924920,4,46.9972,44.6144,2.32,18.4
1925220,21,45.7526,47.7338,2.31097,13.8
1925310,21,45.9486,47.7013,2.31097,13.8
1925340,21,49.5648,47.799,2.31097,14.72
1925340,38,91.2246,46.3609,2.29313,41.4
1925370,38,90.5974,46.4265,2.29313,43.24
1925760,38,91.107,46.0655,2.28431,60.72
1925790,38,90.5778,46.0655,2.28431,60.72
1926150,21,49.653,47.8641,2.31097,19.32
1926150,46,63.9218,44.1504,2.22442,26.68
1926330,38,87.971,46.5577,2.28431,57.04
1926510,4,49.5844,45.2093,2.32,26.68
1926570,38,89.6958,46.4921,2.29313,57.04
1926750,46,61.5306,44.1836,2.22442,26.68
1926780,38,88.8726,46.3281,2.28431,53.36
1926960,4,49.8686,44.846,2.32,26.68
1927050,38,88.1474,46.0655,2.28431,60.72
1927170,46,60.3546,44.2499,2.22442,32.2
1927350,46,60.1194,44.2499,2.22442,35.88
1927410,38,88.8334,46.2625,2.28431,75.44
1927560,38,87.2066,46.3609,2.28431,75.44
1927650,38,88.314,46.5577,2.28431,82.8
1927710,21,52.0148,48.3192,2.30202,26.68
1927740,38,87.2654,46.5905,2.28431,86.48
1927830,38,87.775,46.5905,2.28431,90.16
1927920,21,52.6224,48.5139,2.31097,28.52
1927950,46,59.845,44.2831,2.22442,48.76
1927980,21,52.7792,48.5464,2.31097,30.36
1928160,13,55.043,48.2218,2.24121,279.68
1928220,13,55.386,48.3192,2.24121,294.4
1928250,21,52.936,48.5139,2.31097,34.04
1928340,38,87.285,46.6887,2.28431,114.08
1928640,21,53.573,48.3192,2.30202,39.56
1928670,38,85.2368,46.8851,2.29313,143.52
1928760,13,56.4836,48.2543,2.2497,338.56
1929120,13,59.5902,47.8315,2.2497,309.12
1929180,21,54.2884,48.2543,2.31097,35.88
1929210,21,53.818,48.2543,2.30202,34.04
1929210,46,59.1002,44.4157,2.22442,57.04
1929240,21,54.847,48.1893,2.30202,34.04
1929240,46,59.5706,44.4488,2.22442,57.04
1929330,4,56.121,45.2753,2.3291,53.36
1929390,21,54.7,48.1568,2.31097,37.72
1929450,38,84.8938,46.8197,2.28431,150.88
1929540,46,59.845,44.4819,2.22442,68.08
1929570,38,84.7762,46.656,2.29313,172.96
1929690,46,59.3942,44.5151,2.22442,64.4
1929750,13,61.3738,47.6687,2.25825,338.56
1929780,4,54.798,47.1467,2.32,57.04
1929840,4,53.3378,46.0655,2.3291,53.36
1929840,46,59.845,44.5151,2.22442,57.04
1930110,4,55.3762,47.2447,2.32,48.76
1930260,13,64.3138,47.5709,2.2497,309.12
1930350,46,59.8646,44.6144,2.22442,57.04
1930440,4,54.4844,46.4921,2.3291,53.36
1930470,21,56.219,48.2867,2.31097,35.88
1930470,38,81.4442,47.0486,2.28431,121.44
1930710,13,61.413,47.8315,2.25825,353.28
1930770,4,55.0822,46.0655,2.3291,57.04
1930800,13,60.4526,47.8966,2.25825,368.0
1930950,13,59.6,47.7664,2.25825,353.28
1931040,13,60.4526,47.8641,2.2497,353.28
1931070,4,55.1704,46.0655,2.3291,57.04
1931190,13,58.3946,48.5139,2.25825,353.28
1931370,13,59.1786,47.9942,2.26687,382.72
1931400,4,55.386,49.0969,2.32,64.4
1931460,21,57.9634,48.6112,2.31097,45.08
1931520,46,60.041,44.5482,2.22442,75.44
1931640,13,59.5902,47.799,2.27556,426.88
1931700,46,59.845,44.6475,2.22442,79.12
1931760,13,60.1586,47.799,2.27556,441.6
1931820,38,77.4164,47.2773,2.29313,165.6
1931850,46,60.1586,44.6475,2.22442,75.44
1931940,38,77.0244,47.4731,2.29313,158.24
1932330,38,76.3972,46.9505,2.29313,150.88
1932840,38,74.6136,47.1793,2.29313,150.88
1932960,4,57.4342,46.0326,2.3291,60.72
1933020,13,63.8728,47.799,2.25825,382.72
1933050,13,63.5298,47.6687,2.25825,368.0
1933350,13,64.304,47.8641,2.26687,397.44
1933410,38,74.447,47.1793,2.28431,165.6
1933470,13,63.6866,47.7338,2.26687,441.6
1933500,21,61.413,48.5139,2.30202,50.6
1933770,4,58.6494,46.0655,2.3291,79.12
1933770,21,61.2268,48.449,2.30202,60.72
1933800,13,64.1178,47.8966,2.27556,537.28
1933980,13,61.1092,47.7338,2.27556,566.72
1934010,38,73.2416,47.2447,2.28431,250.24
1934040,21,61.9226,48.7408,2.30202,68.08
1934400,21,62.9418,48.4815,2.30202,71.76
1934520,46,60.3546,45.0442,2.22442,121.44
1934550,38,71.703,47.0813,2.29313,235.52
1934610,13,64.794,47.4731,2.27556,684.48
1934850,13,63.177,47.3752,2.28431,684.48
1934850,21,62.9516,47.9942,2.31097,75.44
1934970,46,60.3742,44.9451,2.22442,136.16
1935000,21,63.5494,47.9292,2.30202,75.44
1935030,13,63.0888,47.4731,2.27556,713.92
1935060,13,62.9222,47.31,2.27556,713.92
1935180,21,63.275,47.9292,2.30202,79.12
1935180,46,61.1974,44.9451,2.22442,150.88
1935240,13,64.7352,47.212,2.28431,802.24
1935240,46,61.0602,44.9782,2.22442,150.88
1935300,13,63.8238,47.114,2.28431,831.68
1935570,21,64.0394,47.9942,2.31097,104.88
1935570,38,69.1942,46.9832,2.28431,382.72
1935660,21,64.5686,48.0267,2.31097,108.56
1935690,13,65.48,47.1467,2.27556,1023.04
1935870,21,64.0296,47.8966,2.31097,114.08
1935960,21,64.9312,47.9292,2.30202,121.44
1936110,21,65.9406,47.8641,2.31097,143.52
1936410,4,62.8928,47.5383,2.3291,209.76
1936440,4,63.3142,46.2953,2.33827,209.76
1936440,13,67.5674,46.6232,2.27556,1317.44
1936470,13,67.8124,46.7215,2.27556,1317.44
1936620,4,61.9226,45.6708,2.3291,250.24
1936710,21,65.6466,47.3752,2.31097,309.12
1936920,38,66.2738,44.9451,2.30202,1199.68
1936980,21,66.117,47.2773,2.31097,279.68
1937190,46,61.413,44.5813,2.22442,338.56
1937250,46,61.1386,44.5151,2.23278,368.0
1937280,13,81.2482,46.4921,2.26687,1847.36
1937340,4,62.3734,48.4166,2.33827,397.44
1937580,4,62.0402,46.4921,2.33827,353.28
1937760,38,61.021,40.0945,2.31097,1847.36
1938150,38,82.6006,37.9503,2.32,1847.36
1938180,38,82.0322,37.8819,2.31097,1847.36
1938240,38,81.9538,37.9845,2.31097,1847.36
1938330,21,65.6074,44.3162,2.32,368.0
1938360,21,65.5094,44.1836,2.32,368.0
1939140,46,60.2958,41.9818,2.24121,279.68
1939230,46,60.1782,41.9147,2.24121,279.68
1939530,21,62.0598,42.7519,2.32,353.28
1939710,4,61.2268,41.0741,2.35683,338.56
1939710,46,60.0606,41.7805,2.2497,279.68
1939800,4,59.4922,41.0741,2.35683,338.56
1939890,21,64.1766,42.5178,2.3291,353.28
1940010,21,62.6478,42.4844,2.3291,353.28
1940220,13,86.305,45.8682,2.27556,1552.96
1941030,46,59.1786,41.4108,2.2497,279.68
1941570,4,57.8066,40.2299,2.35683,323.84
1941570,13,92.1066,46.2953,2.27556,1494.08
1941780,4,57.7674,40.4328,2.35683,323.84
1941810,4,57.5322,40.568,2.35683,323.84
1942260,21,59.4824,41.4444,2.33827,353.28
1942350,21,60.1684,41.4444,2.33827,353.28
1942470,4,57.444,40.0945,2.36622,309.12
1942530,4,58.0418,40.1622,2.35683,309.12
1942740,21,62.7066,41.5116,2.33827,338.56
1942830,46,58.7474,41.0741,2.2497,279.68
1942950,4,58.3946,40.2976,2.36622,309.12
1942950,46,58.767,41.1078,2.2497,294.4
1943100,13,101.828,45.7037,2.28431,1552.96
1943130,13,101.103,45.8353,2.27556,1552.96
1943670,46,58.277,41.1751,2.2497,309.12
1943880,13,101.809,45.9997,2.28431,1552.96
1945380,46,58.4534,40.4666,2.25825,353.28
1946970,13,106.199,45.7037,2.27556,1494.08
1947240,21,57.7086,41.3771,2.33827,309.12
1948140,46,57.5714,38.9401,2.26687,478.4
1948290,38,119.703,35.4034,2.33827,1376.32
1949040,46,56.7286,38.5311,2.27556,625.6
1950420,46,55.7094,38.5993,2.27556,772.8
1950870,46,55.435,38.7016,2.27556,861.12
1951140,46,55.0822,38.8039,2.27556,655.04
1951920,46,54.8862,38.872,2.27556,713.92
1952250,46,54.8862,38.6675,2.27556,507.84
1953510,46,54.7392,40.0268,2.26687,397.44
1953720,46,55.1018,40.2976,2.26687,625.6
1954470,46,55.4742,40.4328,2.27556,772.8
1954890,46,55.7878,39.9591,2.26687,831.68
1955370,46,55.337,39.2123,2.27556,713.92
1955550,46,55.6114,39.1443,2.27556,772.8
1956240,4,65.2252,44.7798,2.34751,150.88
1956270,21,67.0186,44.7798,2.32,108.56
1956930,46,55.7682,39.4842,2.27556,964.16
1959870,4,70.7916,46.5905,2.33827,68.08
1960740,46,57.8262,41.2088,2.25825,537.28
1961220,21,74.5058,45.5391,2.32,34.04
1961640,21,74.5646,45.6708,2.32,32.2
1962600,46,59.453,41.8476,2.25825,128.8
1962690,46,59.2178,41.8476,2.25825,50.6
1963920,21,79.543,46.0655,2.32,32.2
1964400,4,81.111,46.4921,2.31097,5.52
1965240,21,83.7766,46.0655,2.32,30.36
1965240,46,61.805,43.0524,2.2497,1.84
1965270,21,83.1886,46.0655,2.31097,30.36
1965300,46,62.1186,43.0524,2.2497,1.84
1965990,46,62.8046,43.3191,2.2497,1.84
1967190,46,64.2158,43.3525,2.24121,60.72
1968120,46,65.3722,43.4524,2.24121,60.72
1968930,4,94.1842,43.6521,2.30202,5.06
1969170,46,66.7442,43.5522,2.24121,60.72
1970430,46,67.1362,43.7518,2.24121,1.38
1971600,46,68.6258,43.8848,2.24121,1.38
1972380,4,103.749,42.4844,2.31097,5.52
1973610,4,108.708,42.116,2.30202,5.98
1973820,4,107.61,41.9818,2.30202,5.98
1974720,4,111.021,41.7133,2.30202,5.98
1975980,46,71.9774,44.1172,2.22442,1.38
1978620,46,72.0754,44.3162,2.22442,1.38
1980390,46,74.251,44.3494,2.22442,1.38
1981470,46,74.2314,44.5151,2.22442,1.38
1983270,24,63.3338,52.3659,2.33827,0.92
1986420,46,76.9362,45.3743,2.21612,1.38
